country,period,model,signal,mode,fee,Cumulative_Returns,CAGR,Sharpe,Volatility,Max_Drawdown,Sortino,Omega_Ratio,Gross_Exposure,Turnover_Monthly,bench_CAGR,bench_Sharpe,ew_CAGR,ew_Sharpe,r2_oos_average,r2_oos_pooling,best_params,seconds
canada,2008-2024,ridge_regressor,top10,corrected,0.0,-0.6656962389534913,-0.06623313618162441,-0.2949709134166842,0.17879098373262453,-0.7578422598697236,-0.3961132237521421,0.9495829044204839,2.0,2.132521663768103,0.026325545052543253,0.2351554980059966,0.11861869342109377,0.803169543706978,-1.28039573867622,-0.6538791961841888,"{""alpha"": 0.6779421604779466, ""max_iter"": 8581, ""tol"": 9.236303844911439e-05, ""solver"": ""auto""}",67.2
canada,2008-2024,ridge_regressor,top10,as_published,0.0,47.415078774056596,0.27462790231582224,0.8642879481100241,0.355917237834975,-0.6569515961585608,1.2362041332058928,1.1784272186442477,2.0,2.166789239328503,0.026325545052543253,0.2351554980059966,0.11861869342109377,0.803169543706978,-1.28039573867622,-0.6538791961841888,"{""alpha"": 0.6779421604779466, ""max_iter"": 8581, ""tol"": 9.236303844911439e-05, ""solver"": ""auto""}",0.0
canada,2008-2024,ridge_regressor,top20,corrected,0.0,-0.3985464322464559,-0.031296922137908134,-0.21409830376011887,0.11701926254455805,-0.5497908856110529,-0.28900233900355976,0.9629646948551535,2.0,1.51597377003413,0.026325545052543253,0.2351554980059966,0.11861869342109377,0.803169543706978,-1.28039573867622,-0.6538791961841888,"{""alpha"": 0.6779421604779466, ""max_iter"": 8581, ""tol"": 9.236303844911439e-05, ""solver"": ""auto""}",0.0
canada,2008-2024,ridge_regressor,top20,as_published,0.0,27.940402414897495,0.23425984424026103,0.8123360192982793,0.3267894830663007,-0.6633224422744833,1.141683453629512,1.1726035942394655,2.0,1.5889925537861855,0.026325545052543253,0.2351554980059966,0.11861869342109377,0.803169543706978,-1.28039573867622,-0.6538791961841888,"{""alpha"": 0.6779421604779466, ""max_iter"": 8581, ""tol"": 9.236303844911439e-05, ""solver"": ""auto""}",0.0
canada,2008-2024,ridge_regressor,positive,corrected,0.0,3.048978961454056,0.09140287729526286,0.5869698297369839,0.1759657795115311,-0.305703378541743,0.8585440930143776,1.1274397337286541,1.0,1.1183168141646729,0.026325545052543253,0.2351554980059966,0.11861869342109377,0.803169543706978,-1.28039573867622,-0.6538791961841888,"{""alpha"": 0.6779421604779466, ""max_iter"": 8581, ""tol"": 9.236303844911439e-05, ""solver"": ""auto""}",0.0
canada,2008-2024,ridge_regressor,positive,as_published,0.0,11.260829214801536,0.16971238368670916,0.926736082172053,0.1891991469794442,-0.3842103426943606,1.336558291621376,1.211793405242176,1.0,0.9789253611459102,0.026325545052543253,0.2351554980059966,0.11861869342109377,0.803169543706978,-1.28039573867622,-0.6538791961841888,"{""alpha"": 0.6779421604779466, ""max_iter"": 8581, ""tol"": 9.236303844911439e-05, ""solver"": ""auto""}",0.0
canada,2008-2024,xgboost_regressor,top10,corrected,0.0,1.4011021022266474,0.05631135648991248,0.3945081333010771,0.18093328334713188,-0.3536766720039829,0.5674679668097846,1.0713204004690418,2.0,2.8326737696119695,0.026325545052543253,0.2351554980059966,0.11861869342109377,0.803169543706978,0.03419491849629631,0.0008539210495808192,"{""max_depth"": 3, ""learning_rate"": 0.276829021442431, ""n_estimators"": 493, ""subsample"": 0.5040305717020104, ""colsample_bytree"": 0.9940542446575643, ""reg_alpha"": 0.006453374219829278, ""reg_lambda"": 0.8767095853875961, ""gamma"": 0.1202684210924142, ""scale_pos_weight"": 3.7682378742825406}",268.2
canada,2008-2024,xgboost_regressor,top10,as_published,0.0,39.1219496485466,0.2597373753879775,0.8286320536002739,0.3574096169910183,-0.6256453700414308,1.1826864707757863,1.1636812243402588,2.0,2.7787719880873114,0.026325545052543253,0.2351554980059966,0.11861869342109377,0.803169543706978,0.03419491849629631,0.0008539210495808192,"{""max_depth"": 3, ""learning_rate"": 0.276829021442431, ""n_estimators"": 493, ""subsample"": 0.5040305717020104, ""colsample_bytree"": 0.9940542446575643, ""reg_alpha"": 0.006453374219829278, ""reg_lambda"": 0.8767095853875961, ""gamma"": 0.1202684210924142, ""scale_pos_weight"": 3.7682378742825406}",0.0
canada,2008-2024,xgboost_regressor,top20,corrected,0.0,0.6483258785646075,0.031750014241549884,0.3253924948507284,0.11774749444725487,-0.28179218748715307,0.46254938926221617,1.0591971426903124,2.0,2.209739480029466,0.026325545052543253,0.2351554980059966,0.11861869342109377,0.803169543706978,0.03419491849629631,0.0008539210495808192,"{""max_depth"": 3, ""learning_rate"": 0.276829021442431, ""n_estimators"": 493, ""subsample"": 0.5040305717020104, ""colsample_bytree"": 0.9940542446575643, ""reg_alpha"": 0.006453374219829278, ""reg_lambda"": 0.8767095853875961, ""gamma"": 0.1202684210924142, ""scale_pos_weight"": 3.7682378742825406}",0.0
canada,2008-2024,xgboost_regressor,top20,as_published,0.0,34.98797336966005,0.2511991861575893,0.8478897901884849,0.3308638781539865,-0.6514371187583854,1.1852711206042394,1.1811678517936501,2.0,2.230421338066294,0.026325545052543253,0.2351554980059966,0.11861869342109377,0.803169543706978,0.03419491849629631,0.0008539210495808192,"{""max_depth"": 3, ""learning_rate"": 0.276829021442431, ""n_estimators"": 493, ""subsample"": 0.5040305717020104, ""colsample_bytree"": 0.9940542446575643, ""reg_alpha"": 0.006453374219829278, ""reg_lambda"": 0.8767095853875961, ""gamma"": 0.1202684210924142, ""scale_pos_weight"": 3.7682378742825406}",0.0
canada,2008-2024,xgboost_regressor,positive,corrected,0.0,-0.5078502982306192,-0.043372423849669994,-0.03943987855130907,0.26148445742414966,-0.8020396113243358,-0.05433588862552744,0.9918080360686914,2.0,2.322140855590236,0.026325545052543253,0.2351554980059966,0.11861869342109377,0.803169543706978,0.03419491849629631,0.0008539210495808192,"{""max_depth"": 3, ""learning_rate"": 0.276829021442431, ""n_estimators"": 493, ""subsample"": 0.5040305717020104, ""colsample_bytree"": 0.9940542446575643, ""reg_alpha"": 0.006453374219829278, ""reg_lambda"": 0.8767095853875961, ""gamma"": 0.1202684210924142, ""scale_pos_weight"": 3.7682378742825406}",0.0
canada,2008-2024,xgboost_regressor,positive,as_published,0.0,45.57540484885771,0.2715434372819987,0.8291578887965986,0.37697306806186465,-0.6581478749112029,1.2130450646870374,1.1774566325968467,2.0,2.3555310824156366,0.026325545052543253,0.2351554980059966,0.11861869342109377,0.803169543706978,0.03419491849629631,0.0008539210495808192,"{""max_depth"": 3, ""learning_rate"": 0.276829021442431, ""n_estimators"": 493, ""subsample"": 0.5040305717020104, ""colsample_bytree"": 0.9940542446575643, ""reg_alpha"": 0.006453374219829278, ""reg_lambda"": 0.8767095853875961, ""gamma"": 0.1202684210924142, ""scale_pos_weight"": 3.7682378742825406}",0.0
canada,2008-2024,ada_boost_regressor,top10,corrected,0.0,0.23248327062819119,0.013159219453841686,0.16323021296250595,0.18094925097566614,-0.46159699396982434,0.23017250451142449,1.0290530664268425,2.0,2.8047783761524974,0.026325545052543253,0.2351554980059966,0.11861869342109377,0.803169543706978,-0.09795048287844658,-0.044396941038445936,"{""n_estimators"": 229, ""learning_rate"": 0.7406154516747153, ""loss"": ""exponential""}",5345.7
canada,2008-2024,ada_boost_regressor,top10,as_published,0.0,41.38676443157911,0.26407124013201266,0.8437770652065236,0.35342154254599223,-0.6231383192374244,1.2144571125887933,1.1715844672933413,2.0,2.8017453115145,0.026325545052543253,0.2351554980059966,0.11861869342109377,0.803169543706978,-0.09795048287844658,-0.044396941038445936,"{""n_estimators"": 229, ""learning_rate"": 0.7406154516747153, ""loss"": ""exponential""}",0.0
canada,2008-2024,ada_boost_regressor,top20,corrected,0.0,-0.15928633206511555,-0.010792771905660636,-0.03768849535193989,0.11463116418642201,-0.38589060846887635,-0.053361458937589985,0.9936205220216544,2.0,2.151851479447803,0.026325545052543253,0.2351554980059966,0.11861869342109377,0.803169543706978,-0.09795048287844658,-0.044396941038445936,"{""n_estimators"": 229, ""learning_rate"": 0.7406154516747153, ""loss"": ""exponential""}",0.0
canada,2008-2024,ada_boost_regressor,top20,as_published,0.0,40.36473923733764,0.2621431024710583,0.8815566184741217,0.3264233248496593,-0.6436264364659156,1.2425214401327656,1.1884608134609405,2.0,2.1841831897410775,0.026325545052543253,0.2351554980059966,0.11861869342109377,0.803169543706978,-0.09795048287844658,-0.044396941038445936,"{""n_estimators"": 229, ""learning_rate"": 0.7406154516747153, ""loss"": ""exponential""}",0.0
canada,2008-2024,ada_boost_regressor,positive,corrected,0.0,-0.15634620894030182,-0.010576763235176201,0.06285524252043109,0.2217348259598111,-0.6653786857171643,0.09020039057220888,1.0146423188585638,1.9999999999999993,1.7669803520019358,0.026325545052543253,0.2351554980059966,0.11861869342109377,0.803169543706978,-0.09795048287844658,-0.044396941038445936,"{""n_estimators"": 229, ""learning_rate"": 0.7406154516747153, ""loss"": ""exponential""}",0.0
canada,2008-2024,ada_boost_regressor,positive,as_published,0.0,7.3519376032549975,0.141960711822382,0.5395716769198327,0.37499279267900043,-0.6553612677832674,0.8150492273485463,1.1424965946287167,1.9992142944804256,1.744795481934862,0.026325545052543253,0.2351554980059966,0.11861869342109377,0.803169543706978,-0.09795048287844658,-0.044396941038445936,"{""n_estimators"": 229, ""learning_rate"": 0.7406154516747153, ""loss"": ""exponential""}",0.0
canada,2008-2024,extra_trees_regressor,top10,corrected,0.0,-0.4380283274037571,-0.03540182201251063,-0.13205063364683606,0.167559432173544,-0.5676458959916366,-0.18720641353297895,0.9775305138235721,2.0,0.12569176786498512,0.026325545052543253,0.2351554980059966,0.11861869342109377,0.803169543706978,0.012301672884438281,0.0021034093497778183,"{""n_estimators"": 224, ""max_depth"": 9, ""min_samples_split"": 4, ""min_samples_leaf"": 3, ""max_features"": 0.7475220728070068, ""ccp_alpha"": 0.21155323006223048, ""bootstrap"": true}",2128.1
canada,2008-2024,extra_trees_regressor,top10,as_published,0.0,26.587786741101652,0.23057043931405774,0.7321216787330135,0.3893364242712253,-0.7011382733794902,1.033196415985165,1.1491542341155172,2.0,0.16109861368400574,0.026325545052543253,0.2351554980059966,0.11861869342109377,0.803169543706978,0.012301672884438281,0.0021034093497778183,"{""n_estimators"": 224, ""max_depth"": 9, ""min_samples_split"": 4, ""min_samples_leaf"": 3, ""max_features"": 0.7475220728070068, ""ccp_alpha"": 0.21155323006223048, ""bootstrap"": true}",0.0
canada,2008-2024,extra_trees_regressor,top20,corrected,0.0,-0.24439482561825987,-0.01737406454738455,-0.1263388900877641,0.09982440779715707,-0.3629640089398113,-0.18056820904665877,0.9788622756071397,2.0,0.1046374441954039,0.026325545052543253,0.2351554980059966,0.11861869342109377,0.803169543706978,0.012301672884438281,0.0021034093497778183,"{""n_estimators"": 224, ""max_depth"": 9, ""min_samples_split"": 4, ""min_samples_leaf"": 3, ""max_features"": 0.7475220728070068, ""ccp_alpha"": 0.21155323006223048, ""bootstrap"": true}",0.0
canada,2008-2024,extra_trees_regressor,top20,as_published,0.0,32.60248090552827,0.24584367068953838,0.8415220687174582,0.326314723820614,-0.6327403426115779,1.1836584624304618,1.1805287025930105,2.0,0.13421080532576488,0.026325545052543253,0.2351554980059966,0.11861869342109377,0.803169543706978,0.012301672884438281,0.0021034093497778183,"{""n_estimators"": 224, ""max_depth"": 9, ""min_samples_split"": 4, ""min_samples_leaf"": 3, ""max_features"": 0.7475220728070068, ""ccp_alpha"": 0.21155323006223048, ""bootstrap"": true}",0.0
canada,2008-2024,extra_trees_regressor,positive,corrected,0.0,4.66176746657001,0.1145299265172195,0.7771358910034298,0.1557839571232239,-0.38450512514097257,1.0782970103790215,1.1630889529036648,1.0,0.05125019976922389,0.026325545052543253,0.2351554980059966,0.11861869342109377,0.803169543706978,0.012301672884438281,0.0021034093497778183,"{""n_estimators"": 224, ""max_depth"": 9, ""min_samples_split"": 4, ""min_samples_leaf"": 3, ""max_features"": 0.7475220728070068, ""ccp_alpha"": 0.21155323006223048, ""bootstrap"": true}",0.0
canada,2008-2024,extra_trees_regressor,positive,as_published,0.0,5.819975300618572,0.12757936058960873,0.8291922336639589,0.16112888741300432,-0.3842103426943607,1.1600484712652823,1.1796172291791232,1.0,0.06584777169356619,0.026325545052543253,0.2351554980059966,0.11861869342109377,0.803169543706978,0.012301672884438281,0.0021034093497778183,"{""n_estimators"": 224, ""max_depth"": 9, ""min_samples_split"": 4, ""min_samples_leaf"": 3, ""max_features"": 0.7475220728070068, ""ccp_alpha"": 0.21155323006223048, ""bootstrap"": true}",0.0
canada,2008-2024,logistic_regression_classifier,top10,corrected,0.0,-0.3779457429769132,-0.029254377485199323,-0.1007092891628473,0.16328184878306898,-0.5128059699542145,-0.14119212923474408,0.9828145487648863,2.0,0.8340392697227992,0.026325545052543253,0.2351554980059966,0.11861869342109377,0.803169543706978,,,"{""tol"": 0.004176051888136769, ""C"": 68.16194650270039, ""solver"": ""saga"", ""max_iter"": 888, ""warm_start"": false, ""l1_ratio"": 0.5859365525622129}",162.7
canada,2008-2024,logistic_regression_classifier,top10,as_published,0.0,16.286438073165172,0.1951146734508058,0.6629445221886956,0.3803329583606078,-0.7011382733794903,0.9313087206393271,1.136110595313316,2.0,0.938776652642507,0.026325545052543253,0.2351554980059966,0.11861869342109377,0.803169543706978,,,"{""tol"": 0.004176051888136769, ""C"": 68.16194650270039, ""solver"": ""saga"", ""max_iter"": 888, ""warm_start"": false, ""l1_ratio"": 0.5859365525622129}",0.0
canada,2008-2024,logistic_regression_classifier,top20,corrected,0.0,-0.24546102132543224,-0.017460839625899727,-0.12518873335567637,0.10072531133372058,-0.4024617128165888,-0.1784889075909231,0.9789855252106532,2.0,0.6149406522284867,0.026325545052543253,0.2351554980059966,0.11861869342109377,0.803169543706978,,,"{""tol"": 0.004176051888136769, ""C"": 68.16194650270039, ""solver"": ""saga"", ""max_iter"": 888, ""warm_start"": false, ""l1_ratio"": 0.5859365525622129}",0.0
canada,2008-2024,logistic_regression_classifier,top20,as_published,0.0,27.293951947031754,0.23251721843139683,0.8069418318478053,0.3276094421583254,-0.667892136911463,1.1270284617908073,1.1730060914989957,2.0,0.6873673953415962,0.026325545052543253,0.2351554980059966,0.11861869342109377,0.803169543706978,,,"{""tol"": 0.004176051888136769, ""C"": 68.16194650270039, ""solver"": ""saga"", ""max_iter"": 888, ""warm_start"": false, ""l1_ratio"": 0.5859365525622129}",0.0
canada,2008-2024,logistic_regression_classifier,positive,corrected,0.0,0.44718454358317805,0.023386341600609706,0.22277269634827618,0.16613989124380185,-0.42805618108243637,0.3135567201437202,1.0452283382750793,1.0,1.384069185584955,0.026325545052543253,0.2351554980059966,0.11861869342109377,0.803169543706978,,,"{""tol"": 0.004176051888136769, ""C"": 68.16194650270039, ""solver"": ""saga"", ""max_iter"": 888, ""warm_start"": false, ""l1_ratio"": 0.5859365525622129}",0.0
canada,2008-2024,logistic_regression_classifier,positive,as_published,0.0,6.196207300743266,0.13137263530172616,0.6006826213682653,0.2662966479416008,-0.6609043558256569,0.8288870872632228,1.1478998974942782,1.0000000000000002,1.4407185688977164,0.026325545052543253,0.2351554980059966,0.11861869342109377,0.803169543706978,,,"{""tol"": 0.004176051888136769, ""C"": 68.16194650270039, ""solver"": ""saga"", ""max_iter"": 888, ""warm_start"": false, ""l1_ratio"": 0.5859365525622129}",0.0
canada,2008-2024,xgboost_classifier,top10,corrected,0.0,-0.21169335618475504,-0.014766825449800347,-0.008195358568034898,0.16466966296546387,-0.4822739790658638,-0.01163775500235639,0.9985651016259486,2.0,1.1593939529980193,0.026325545052543253,0.2351554980059966,0.11861869342109377,0.803169543706978,,,"{""max_depth"": 6, ""learning_rate"": 0.19189667725831952, ""n_estimators"": 481, ""subsample"": 0.9944870889062465, ""colsample_bytree"": 0.9371782857962252, ""reg_alpha"": 0.6290197575412468, ""reg_lambda"": 0.1593394391366327, ""gamma"": 0.2394154514333062, ""scale_pos_weight"": 5.132943078496138}",291.5
canada,2008-2024,xgboost_classifier,top10,as_published,0.0,20.861118405406593,0.21279353306106685,0.7125306662028198,0.36876840193992333,-0.7009222607081602,0.9947356562741078,1.1453178536145787,2.0,1.1779186322089035,0.026325545052543253,0.2351554980059966,0.11861869342109377,0.803169543706978,,,"{""max_depth"": 6, ""learning_rate"": 0.19189667725831952, ""n_estimators"": 481, ""subsample"": 0.9944870889062465, ""colsample_bytree"": 0.9371782857962252, ""reg_alpha"": 0.6290197575412468, ""reg_lambda"": 0.1593394391366327, ""gamma"": 0.2394154514333062, ""scale_pos_weight"": 5.132943078496138}",0.0
canada,2008-2024,xgboost_classifier,top20,corrected,0.0,-0.2551366066376677,-0.018253609352066325,-0.13423446657117893,0.10028281656723087,-0.39170335013557667,-0.18965318180709984,0.9774135344203027,2.0,0.8518626532716124,0.026325545052543253,0.2351554980059966,0.11861869342109377,0.803169543706978,,,"{""max_depth"": 6, ""learning_rate"": 0.19189667725831952, ""n_estimators"": 481, ""subsample"": 0.9944870889062465, ""colsample_bytree"": 0.9371782857962252, ""reg_alpha"": 0.6290197575412468, ""reg_lambda"": 0.1593394391366327, ""gamma"": 0.2394154514333062, ""scale_pos_weight"": 5.132943078496138}",0.0
canada,2008-2024,xgboost_classifier,top20,as_published,0.0,28.149616766244268,0.23481600921176704,0.816101997340985,0.3249574937696789,-0.6327403426115776,1.1472554180436385,1.1746855125699585,2.0,0.9170766150493765,0.026325545052543253,0.2351554980059966,0.11861869342109377,0.803169543706978,,,"{""max_depth"": 6, ""learning_rate"": 0.19189667725831952, ""n_estimators"": 481, ""subsample"": 0.9944870889062465, ""colsample_bytree"": 0.9371782857962252, ""reg_alpha"": 0.6290197575412468, ""reg_lambda"": 0.1593394391366327, ""gamma"": 0.2394154514333062, ""scale_pos_weight"": 5.132943078496138}",0.0
canada,2008-2024,xgboost_classifier,positive,corrected,0.0,7.26288719964016,0.14119536682614275,0.8489029256266992,0.17429910824154554,-0.4582029302028465,1.1870313115463165,1.1879121358869336,1.0000000000000004,1.279040673284034,0.026325545052543253,0.2351554980059966,0.11861869342109377,0.803169543706978,,,"{""max_depth"": 6, ""learning_rate"": 0.19189667725831952, ""n_estimators"": 481, ""subsample"": 0.9944870889062465, ""colsample_bytree"": 0.9371782857962252, ""reg_alpha"": 0.6290197575412468, ""reg_lambda"": 0.1593394391366327, ""gamma"": 0.2394154514333062, ""scale_pos_weight"": 5.132943078496138}",0.0
canada,2008-2024,xgboost_classifier,positive,as_published,0.0,10.498149721012881,0.165023407017723,0.6486742864364375,0.31116670577905275,-0.6494643717057145,0.9360087493633158,1.1456157708343595,1.6519621639498177,1.2765503677320662,0.026325545052543253,0.2351554980059966,0.11861869342109377,0.803169543706978,,,"{""max_depth"": 6, ""learning_rate"": 0.19189667725831952, ""n_estimators"": 481, ""subsample"": 0.9944870889062465, ""colsample_bytree"": 0.9371782857962252, ""reg_alpha"": 0.6290197575412468, ""reg_lambda"": 0.1593394391366327, ""gamma"": 0.2394154514333062, ""scale_pos_weight"": 5.132943078496138}",0.0
canada,2008-2024,hist_gradient_boosting_classifier,top10,corrected,0.0,-0.22487336541650593,-0.015805224029597276,-0.012637444809185057,0.16652400120896654,-0.47954497145042185,-0.017885510403770833,0.9978206116961159,2.0,0.7180538055989688,0.026325545052543253,0.2351554980059966,0.11861869342109377,0.803169543706978,,,"{""learning_rate"": 0.030048013274793346, ""max_iter"": 50, ""max_leaf_nodes"": 104, ""max_features"": 0.608193884058264, ""min_samples_leaf"": 15, ""l2_regularization"": 0.0008143564269568986, ""warm_start"": false}",2613.2
canada,2008-2024,hist_gradient_boosting_classifier,top10,as_published,0.0,35.945094352994026,0.2532548762351312,0.7872284316264987,0.38140170199512935,-0.6889505364058294,1.1133651223426164,1.16075959727213,2.0,0.8626256817576466,0.026325545052543253,0.2351554980059966,0.11861869342109377,0.803169543706978,,,"{""learning_rate"": 0.030048013274793346, ""max_iter"": 50, ""max_leaf_nodes"": 104, ""max_features"": 0.608193884058264, ""min_samples_leaf"": 15, ""l2_regularization"": 0.0008143564269568986, ""warm_start"": false}",0.0
canada,2008-2024,hist_gradient_boosting_classifier,top20,corrected,0.0,-0.08603429399067619,-0.005610691383555744,-0.0064896479783176616,0.09998884962202112,-0.3723634867103528,-0.009270027864242091,0.9989013531743619,2.0,0.44478054028694314,0.026325545052543253,0.2351554980059966,0.11861869342109377,0.803169543706978,,,"{""learning_rate"": 0.030048013274793346, ""max_iter"": 50, ""max_leaf_nodes"": 104, ""max_features"": 0.608193884058264, ""min_samples_leaf"": 15, ""l2_regularization"": 0.0008143564269568986, ""warm_start"": false}",0.0
canada,2008-2024,hist_gradient_boosting_classifier,top20,as_published,0.0,36.370497503825476,0.25415256910357087,0.859974008023195,0.32763624473602015,-0.6308545074923846,1.2092970072136615,1.1853314919264606,2.0,0.5519569103168801,0.026325545052543253,0.2351554980059966,0.11861869342109377,0.803169543706978,,,"{""learning_rate"": 0.030048013274793346, ""max_iter"": 50, ""max_leaf_nodes"": 104, ""max_features"": 0.608193884058264, ""min_samples_leaf"": 15, ""l2_regularization"": 0.0008143564269568986, ""warm_start"": false}",0.0
canada,2008-2024,hist_gradient_boosting_classifier,positive,corrected,0.0,-0.2268514508234898,-0.01596249582665532,0.08868183475577077,0.28036434843872987,-0.7104533847752227,0.11342986740109787,1.020539010567608,1.0000000000000002,1.4730284781725678,0.026325545052543253,0.2351554980059966,0.11861869342109377,0.803169543706978,,,"{""learning_rate"": 0.030048013274793346, ""max_iter"": 50, ""max_leaf_nodes"": 104, ""max_features"": 0.608193884058264, ""min_samples_leaf"": 15, ""l2_regularization"": 0.0008143564269568986, ""warm_start"": false}",0.0
canada,2008-2024,hist_gradient_boosting_classifier,positive,as_published,0.0,8.620794914243762,0.15210689120236243,0.6054273664593482,0.3181052801413656,-0.6381023031002198,0.8921589262626306,1.1453691805635555,1.0000000000000002,1.4662540805720816,0.026325545052543253,0.2351554980059966,0.11861869342109377,0.803169543706978,,,"{""learning_rate"": 0.030048013274793346, ""max_iter"": 50, ""max_leaf_nodes"": 104, ""max_features"": 0.608193884058264, ""min_samples_leaf"": 15, ""l2_regularization"": 0.0008143564269568986, ""warm_start"": false}",0.0
canada,2008-2024,extra_trees_classifier,top10,corrected,0.0,-0.4380283274037571,-0.03540182201251063,-0.13205063364683606,0.167559432173544,-0.5676458959916366,-0.18720641353297895,0.9775305138235721,2.0,0.12569176786498512,0.026325545052543253,0.2351554980059966,0.11861869342109377,0.803169543706978,,,"{""n_estimators"": 289, ""criterion"": ""gini"", ""max_depth"": 7, ""min_samples_split"": 10, ""min_samples_leaf"": 4, ""max_features"": ""sqrt"", ""ccp_alpha"": 0.0014205123062759144, ""bootstrap"": true}",885.3
canada,2008-2024,extra_trees_classifier,top10,as_published,0.0,26.587786741101652,0.23057043931405774,0.7321216787330135,0.3893364242712253,-0.7011382733794902,1.033196415985165,1.1491542341155172,2.0,0.16109861368400574,0.026325545052543253,0.2351554980059966,0.11861869342109377,0.803169543706978,,,"{""n_estimators"": 289, ""criterion"": ""gini"", ""max_depth"": 7, ""min_samples_split"": 10, ""min_samples_leaf"": 4, ""max_features"": ""sqrt"", ""ccp_alpha"": 0.0014205123062759144, ""bootstrap"": true}",0.0
canada,2008-2024,extra_trees_classifier,top20,corrected,0.0,-0.24439482561825987,-0.01737406454738455,-0.1263388900877641,0.09982440779715707,-0.3629640089398113,-0.18056820904665877,0.9788622756071397,2.0,0.1046374441954039,0.026325545052543253,0.2351554980059966,0.11861869342109377,0.803169543706978,,,"{""n_estimators"": 289, ""criterion"": ""gini"", ""max_depth"": 7, ""min_samples_split"": 10, ""min_samples_leaf"": 4, ""max_features"": ""sqrt"", ""ccp_alpha"": 0.0014205123062759144, ""bootstrap"": true}",0.0
canada,2008-2024,extra_trees_classifier,top20,as_published,0.0,32.60248090552827,0.24584367068953838,0.8415220687174582,0.326314723820614,-0.6327403426115779,1.1836584624304618,1.1805287025930105,2.0,0.13421080532576488,0.026325545052543253,0.2351554980059966,0.11861869342109377,0.803169543706978,,,"{""n_estimators"": 289, ""criterion"": ""gini"", ""max_depth"": 7, ""min_samples_split"": 10, ""min_samples_leaf"": 4, ""max_features"": ""sqrt"", ""ccp_alpha"": 0.0014205123062759144, ""bootstrap"": true}",0.0
canada,2008-2024,extra_trees_classifier,positive,corrected,0.0,5.519817951063154,0.12440967230859279,0.833575194095434,0.15575592586292972,-0.31567851572700634,1.2190640879511032,1.1759409503355143,1.0,0.15202737265617333,0.026325545052543253,0.2351554980059966,0.11861869342109377,0.803169543706978,,,"{""n_estimators"": 289, ""criterion"": ""gini"", ""max_depth"": 7, ""min_samples_split"": 10, ""min_samples_leaf"": 4, ""max_features"": ""sqrt"", ""ccp_alpha"": 0.0014205123062759144, ""bootstrap"": true}",0.0
canada,2008-2024,extra_trees_classifier,positive,as_published,0.0,5.819975300618572,0.12757936058960873,0.8291922336639589,0.16112888741300432,-0.3842103426943607,1.1600484712652823,1.1796172291791232,1.0,0.203341499998047,0.026325545052543253,0.2351554980059966,0.11861869342109377,0.803169543706978,,,"{""n_estimators"": 289, ""criterion"": ""gini"", ""max_depth"": 7, ""min_samples_split"": 10, ""min_samples_leaf"": 4, ""max_features"": ""sqrt"", ""ccp_alpha"": 0.0014205123062759144, ""bootstrap"": true}",0.0
canada,2008-2012,ridge_regressor,top10,corrected,0.0,-0.44998490413344017,-0.1390853459884891,-0.6589920370151369,0.1977898793992398,-0.6038646345431108,-0.8572057475972883,0.8881094458082998,2.0,2.6294730379047295,-0.03589168636434836,-0.009208616010803014,0.06620407267187556,0.4236839276701541,-1.2084753197358455,-0.5020308133373375,"{""alpha"": 0.6779421604779466, ""max_iter"": 8581, ""tol"": 9.236303844911439e-05, ""solver"": ""auto""}",0.1
canada,2008-2012,ridge_regressor,top10,as_published,0.0,0.5852018784183557,0.12233903700710358,0.481889476494441,0.44657979212668614,-0.6099236922640474,0.69693385913674,1.0921183345493148,2.0,2.674154732355043,-0.03589168636434836,-0.009208616010803014,0.06620407267187556,0.4236839276701541,-1.2084753197358455,-0.5020308133373375,"{""alpha"": 0.6779421604779466, ""max_iter"": 8581, ""tol"": 9.236303844911439e-05, ""solver"": ""auto""}",0.0
canada,2008-2012,ridge_regressor,top20,corrected,0.0,-0.28811773561044807,-0.08161216676257177,-0.5696596677217908,0.13393212003500804,-0.47458537662242817,-0.7531348378304624,0.9026214226454715,2.0,1.925101108103538,-0.03589168636434836,-0.009208616010803014,0.06620407267187556,0.4236839276701541,-1.2084753197358455,-0.5020308133373375,"{""alpha"": 0.6779421604779466, ""max_iter"": 8581, ""tol"": 9.236303844911439e-05, ""solver"": ""auto""}",0.0
canada,2008-2012,ridge_regressor,top20,as_published,0.0,0.7127115621705917,0.1443036028704674,0.5335323700827498,0.4134867357088394,-0.5914047669273974,0.7620799885764407,1.1037013619226235,2.0,2.0169659091502883,-0.03589168636434836,-0.009208616010803014,0.06620407267187556,0.4236839276701541,-1.2084753197358455,-0.5020308133373375,"{""alpha"": 0.6779421604779466, ""max_iter"": 8581, ""tol"": 9.236303844911439e-05, ""solver"": ""auto""}",0.0
canada,2008-2012,ridge_regressor,positive,corrected,0.0,0.3449813032397573,0.07707333406542638,0.4802138950516323,0.19410482742876872,-0.305703378541743,0.6987664284985494,1.093039671895962,1.0,1.1311711239651323,-0.03589168636434836,-0.009208616010803014,0.06620407267187556,0.4236839276701541,-1.2084753197358455,-0.5020308133373375,"{""alpha"": 0.6779421604779466, ""max_iter"": 8581, ""tol"": 9.236303844911439e-05, ""solver"": ""auto""}",0.0
canada,2008-2012,ridge_regressor,positive,as_published,0.0,0.5782040636311812,0.12109579881963684,0.610676167744715,0.23153902311708566,-0.362989394355542,0.8621518935704946,1.1203192670751392,1.0,1.0200064758657967,-0.03589168636434836,-0.009208616010803014,0.06620407267187556,0.4236839276701541,-1.2084753197358455,-0.5020308133373375,"{""alpha"": 0.6779421604779466, ""max_iter"": 8581, ""tol"": 9.236303844911439e-05, ""solver"": ""auto""}",0.0
canada,2008-2012,xgboost_regressor,top10,corrected,0.0,-0.13383709704021862,-0.035354381930137735,-0.12523915399478674,0.17116891339320464,-0.3602031998125682,-0.1791380799327972,0.9784723865087547,2.0,3.1564895308663776,-0.03589168636434836,-0.009208616010803014,0.06620407267187556,0.4236839276701541,-0.10727821204008733,-0.04788709840327554,"{""max_depth"": 6, ""learning_rate"": 0.25651811176384687, ""n_estimators"": 124, ""subsample"": 0.5058902493922749, ""colsample_bytree"": 0.7891388237813104, ""reg_alpha"": 0.8107331591687779, ""reg_lambda"": 0.7766529693675086, ""gamma"": 0.0006784010993351464, ""scale_pos_weight"": 9.690063146830305}",0.0
canada,2008-2012,xgboost_regressor,top10,as_published,0.0,-0.01966895088267806,-0.004964096331042889,0.20845996792351892,0.44054931335535963,-0.6378994590325744,0.296952947720892,1.039721691793236,2.0,3.1304400632828897,-0.03589168636434836,-0.009208616010803014,0.06620407267187556,0.4236839276701541,-0.10727821204008733,-0.04788709840327554,"{""max_depth"": 6, ""learning_rate"": 0.25651811176384687, ""n_estimators"": 124, ""subsample"": 0.5058902493922749, ""colsample_bytree"": 0.7891388237813104, ""reg_alpha"": 0.8107331591687779, ""reg_lambda"": 0.7766529693675086, ""gamma"": 0.0006784010993351464, ""scale_pos_weight"": 9.690063146830305}",0.0
canada,2008-2012,xgboost_regressor,top20,corrected,0.0,-0.07487377207902945,-0.019307481671309357,-0.12013862587838028,0.11116977591681451,-0.21673818793650146,-0.16819071914279043,0.9793428020804418,2.0,2.406478857426636,-0.03589168636434836,-0.009208616010803014,0.06620407267187556,0.4236839276701541,-0.10727821204008733,-0.04788709840327554,"{""max_depth"": 6, ""learning_rate"": 0.25651811176384687, ""n_estimators"": 124, ""subsample"": 0.5058902493922749, ""colsample_bytree"": 0.7891388237813104, ""reg_alpha"": 0.8107331591687779, ""reg_lambda"": 0.7766529693675086, ""gamma"": 0.0006784010993351464, ""scale_pos_weight"": 9.690063146830305}",0.0
canada,2008-2012,xgboost_regressor,top20,as_published,0.0,0.26848592573797014,0.06138890549652154,0.3550682256370259,0.430309858106934,-0.6425444822566002,0.4964432260587241,1.0698312642819678,2.0,2.356641551435695,-0.03589168636434836,-0.009208616010803014,0.06620407267187556,0.4236839276701541,-0.10727821204008733,-0.04788709840327554,"{""max_depth"": 6, ""learning_rate"": 0.25651811176384687, ""n_estimators"": 124, ""subsample"": 0.5058902493922749, ""colsample_bytree"": 0.7891388237813104, ""reg_alpha"": 0.8107331591687779, ""reg_lambda"": 0.7766529693675086, ""gamma"": 0.0006784010993351464, ""scale_pos_weight"": 9.690063146830305}",0.0
canada,2008-2012,xgboost_regressor,positive,corrected,0.0,-0.15267579625906447,-0.0406537295641034,-0.1684316708273404,0.16549932759955513,-0.30483560167802815,-0.23273602467225926,0.9674900338654594,2.0,2.4980683853397,-0.03589168636434836,-0.009208616010803014,0.06620407267187556,0.4236839276701541,-0.10727821204008733,-0.04788709840327554,"{""max_depth"": 6, ""learning_rate"": 0.25651811176384687, ""n_estimators"": 124, ""subsample"": 0.5058902493922749, ""colsample_bytree"": 0.7891388237813104, ""reg_alpha"": 0.8107331591687779, ""reg_lambda"": 0.7766529693675086, ""gamma"": 0.0006784010993351464, ""scale_pos_weight"": 9.690063146830305}",0.0
canada,2008-2012,xgboost_regressor,positive,as_published,0.0,-0.04066198829115697,-0.010345418872929835,0.19444568541656165,0.43444689138726195,-0.7163306638497846,0.26983271471578973,1.0375285051654182,2.0,2.5693464077791135,-0.03589168636434836,-0.009208616010803014,0.06620407267187556,0.4236839276701541,-0.10727821204008733,-0.04788709840327554,"{""max_depth"": 6, ""learning_rate"": 0.25651811176384687, ""n_estimators"": 124, ""subsample"": 0.5058902493922749, ""colsample_bytree"": 0.7891388237813104, ""reg_alpha"": 0.8107331591687779, ""reg_lambda"": 0.7766529693675086, ""gamma"": 0.0006784010993351464, ""scale_pos_weight"": 9.690063146830305}",0.0
canada,2008-2012,ada_boost_regressor,top10,corrected,0.0,0.09406061555302947,0.022775765914107904,0.21372154763164086,0.19069297182650544,-0.3394116384465766,0.3028784592158815,1.0381089144222064,2.0,2.8896327745779278,-0.03589168636434836,-0.009208616010803014,0.06620407267187556,0.4236839276701541,-0.047846428628401265,0.0163423858729721,"{""n_estimators"": 229, ""learning_rate"": 0.7406154516747153, ""loss"": ""exponential""}",0.0
canada,2008-2012,ada_boost_regressor,top10,as_published,0.0,1.1537356865372832,0.21190756464504545,0.6615930670213811,0.4319372234206934,-0.5765697428691223,0.9597686416952591,1.1266090839518295,2.0,2.908514599399822,-0.03589168636434836,-0.009208616010803014,0.06620407267187556,0.4236839276701541,-0.047846428628401265,0.0163423858729721,"{""n_estimators"": 229, ""learning_rate"": 0.7406154516747153, ""loss"": ""exponential""}",0.0
canada,2008-2012,ada_boost_regressor,top20,corrected,0.0,0.013492590220713918,0.003363130853842655,0.08985004325523109,0.12674179479381403,-0.2579078929249494,0.12768089488778775,1.0154119221360314,2.0,2.1517930726270844,-0.03589168636434836,-0.009208616010803014,0.06620407267187556,0.4236839276701541,-0.047846428628401265,0.0163423858729721,"{""n_estimators"": 229, ""learning_rate"": 0.7406154516747153, ""loss"": ""exponential""}",0.0
canada,2008-2012,ada_boost_regressor,top20,as_published,0.0,0.8168071310105729,0.16134323854229904,0.5704645707786343,0.4122462981424714,-0.6060947662666648,0.8073448379671103,1.1109922462862012,2.0,2.252807316392561,-0.03589168636434836,-0.009208616010803014,0.06620407267187556,0.4236839276701541,-0.047846428628401265,0.0163423858729721,"{""n_estimators"": 229, ""learning_rate"": 0.7406154516747153, ""loss"": ""exponential""}",0.0
canada,2008-2012,ada_boost_regressor,positive,corrected,0.0,-0.01578332650394576,-0.0039775546221951785,0.1371322482230888,0.2998773976134134,-0.4342653649038505,0.19867385454756153,1.0327274598566902,1.8349999785423279,1.7377389579551943,-0.03589168636434836,-0.009208616010803014,0.06620407267187556,0.4236839276701541,-0.047846428628401265,0.0163423858729721,"{""n_estimators"": 229, ""learning_rate"": 0.7406154516747153, ""loss"": ""exponential""}",0.0
canada,2008-2012,ada_boost_regressor,positive,as_published,0.0,1.2469109290526048,0.22483424736967894,0.630915261083918,0.5522099339391143,-0.6413159128823096,1.045469261086231,1.176346442747509,1.0000000000000004,1.8599002150960895,-0.03589168636434836,-0.009208616010803014,0.06620407267187556,0.4236839276701541,-0.047846428628401265,0.0163423858729721,"{""n_estimators"": 229, ""learning_rate"": 0.7406154516747153, ""loss"": ""exponential""}",0.0
canada,2008-2012,extra_trees_regressor,top10,corrected,0.0,-0.380631643121524,-0.1130886119450536,-0.58945047236088,0.17730480102795498,-0.47148768008369946,-0.8262346726083367,0.9035469166848926,2.0,0.14136142679218866,-0.03589168636434836,-0.009208616010803014,0.06620407267187556,0.4236839276701541,0.01142944555451206,0.0026618150910346916,"{""n_estimators"": 224, ""max_depth"": 9, ""min_samples_split"": 4, ""min_samples_leaf"": 3, ""max_features"": 0.7475220728070068, ""ccp_alpha"": 0.21155323006223048, ""bootstrap"": true}",0.0
canada,2008-2012,extra_trees_regressor,top10,as_published,0.0,0.4029364228103054,0.08851679543007318,0.42142864689111936,0.5020323457268476,-0.7011382733794902,0.5953534704440552,1.0818892824661714,2.0,0.1732551471644955,-0.03589168636434836,-0.009208616010803014,0.06620407267187556,0.4236839276701541,0.01142944555451206,0.0026618150910346916,"{""n_estimators"": 224, ""max_depth"": 9, ""min_samples_split"": 4, ""min_samples_leaf"": 3, ""max_features"": 0.7475220728070068, ""ccp_alpha"": 0.21155323006223048, ""bootstrap"": true}",0.0
canada,2008-2012,extra_trees_regressor,top20,corrected,0.0,-0.24009277014193975,-0.06646886519621586,-0.5970694707687667,0.10601002861101214,-0.30829450470009534,-0.8480929618700226,0.9029699034359445,2.0,0.12098994200231267,-0.03589168636434836,-0.009208616010803014,0.06620407267187556,0.4236839276701541,0.01142944555451206,0.0026618150910346916,"{""n_estimators"": 224, ""max_depth"": 9, ""min_samples_split"": 4, ""min_samples_leaf"": 3, ""max_features"": 0.7475220728070068, ""ccp_alpha"": 0.21155323006223048, ""bootstrap"": true}",0.0
canada,2008-2012,extra_trees_regressor,top20,as_published,0.0,0.6428262513463996,0.1324233339002121,0.5072419247001035,0.42200101049325683,-0.6209068924216188,0.7147210524171429,1.0999835001588385,2.0,0.1458738202360138,-0.03589168636434836,-0.009208616010803014,0.06620407267187556,0.4236839276701541,0.01142944555451206,0.0026618150910346916,"{""n_estimators"": 224, ""max_depth"": 9, ""min_samples_split"": 4, ""min_samples_leaf"": 3, ""max_features"": 0.7475220728070068, ""ccp_alpha"": 0.21155323006223048, ""bootstrap"": true}",0.0
canada,2008-2012,extra_trees_regressor,positive,corrected,0.0,0.2229720476172785,0.0517174991958429,0.3534886241634896,0.19907178913427398,-0.38450512514097257,0.4897707408083787,1.0675230480810065,1.0,0.05986483763813318,-0.03589168636434836,-0.009208616010803014,0.06620407267187556,0.4236839276701541,0.01142944555451206,0.0026618150910346916,"{""n_estimators"": 224, ""max_depth"": 9, ""min_samples_split"": 4, ""min_samples_leaf"": 3, ""max_features"": 0.7475220728070068, ""ccp_alpha"": 0.21155323006223048, ""bootstrap"": true}",0.0
canada,2008-2012,extra_trees_regressor,positive,as_published,0.0,0.37970274683433836,0.08397255971182926,0.4925268178195597,0.20802121377717261,-0.362989394355542,0.6927791957488039,1.0974138011888577,1.0,0.07305346667273392,-0.03589168636434836,-0.009208616010803014,0.06620407267187556,0.4236839276701541,0.01142944555451206,0.0026618150910346916,"{""n_estimators"": 224, ""max_depth"": 9, ""min_samples_split"": 4, ""min_samples_leaf"": 3, ""max_features"": 0.7475220728070068, ""ccp_alpha"": 0.21155323006223048, ""bootstrap"": true}",0.0
canada,2008-2012,logistic_regression_classifier,top10,corrected,0.0,-0.39343063385963173,-0.1177159434997429,-0.6017301243314778,0.18127903316561741,-0.42551084229743075,-0.8547866535742538,0.8981062165885351,2.0,1.1477212377761288,-0.03589168636434836,-0.009208616010803014,0.06620407267187556,0.4236839276701541,,,"{""tol"": 0.008469679912510953, ""C"": 0.10491210688781524, ""solver"": ""saga"", ""max_iter"": 700, ""warm_start"": true, ""l1_ratio"": 0.6919200808476107}",0.0
canada,2008-2012,logistic_regression_classifier,top10,as_published,0.0,0.5232131049219502,0.11117939509770136,0.46220028230728805,0.4963369326863094,-0.7011382733794902,0.6519580012077756,1.0910967646316454,2.0,0.9942449118433871,-0.03589168636434836,-0.009208616010803014,0.06620407267187556,0.4236839276701541,,,"{""tol"": 0.008469679912510953, ""C"": 0.10491210688781524, ""solver"": ""saga"", ""max_iter"": 700, ""warm_start"": true, ""l1_ratio"": 0.6919200808476107}",0.0
canada,2008-2012,logistic_regression_classifier,top20,corrected,0.0,-0.21873045091413812,-0.0599627121871279,-0.5228016559164441,0.10746049347007325,-0.25411740181019127,-0.7327616051186373,0.9138535160083723,2.0,0.7741779581298971,-0.03589168636434836,-0.009208616010803014,0.06620407267187556,0.4236839276701541,,,"{""tol"": 0.008469679912510953, ""C"": 0.10491210688781524, ""solver"": ""saga"", ""max_iter"": 700, ""warm_start"": true, ""l1_ratio"": 0.6919200808476107}",0.0
canada,2008-2012,logistic_regression_classifier,top20,as_published,0.0,0.7330713650315994,0.14769624206471077,0.5390213061923472,0.4221277072694072,-0.6209068924216188,0.7605290700315972,1.1065129167210308,2.0,0.7035529426017826,-0.03589168636434836,-0.009208616010803014,0.06620407267187556,0.4236839276701541,,,"{""tol"": 0.008469679912510953, ""C"": 0.10491210688781524, ""solver"": ""saga"", ""max_iter"": 700, ""warm_start"": true, ""l1_ratio"": 0.6919200808476107}",0.0
canada,2008-2012,logistic_regression_classifier,positive,corrected,0.0,0.17453152190164367,0.0411231606342819,0.31064955989082144,0.18528962033409146,-0.35914773720238724,0.43831892621865265,1.0592110908251562,1.0,1.499148519089758,-0.03589168636434836,-0.009208616010803014,0.06620407267187556,0.4236839276701541,,,"{""tol"": 0.008469679912510953, ""C"": 0.10491210688781524, ""solver"": ""saga"", ""max_iter"": 700, ""warm_start"": true, ""l1_ratio"": 0.6919200808476107}",0.0
canada,2008-2012,logistic_regression_classifier,positive,as_published,0.0,0.6544854186229614,0.13443134269179247,0.6705456765166987,0.22691087660652098,-0.362989394355542,0.95924909861277,1.131358755077363,1.0,1.3065483552986008,-0.03589168636434836,-0.009208616010803014,0.06620407267187556,0.4236839276701541,,,"{""tol"": 0.008469679912510953, ""C"": 0.10491210688781524, ""solver"": ""saga"", ""max_iter"": 700, ""warm_start"": true, ""l1_ratio"": 0.6919200808476107}",0.0
canada,2008-2012,xgboost_classifier,top10,corrected,0.0,0.344181443416548,0.07691283503266555,0.5272465087725127,0.16736164459186953,-0.13446529290345022,0.7655470616954886,1.0930745192267626,2.0,1.7181738184172046,-0.03589168636434836,-0.009208616010803014,0.06620407267187556,0.4236839276701541,,,"{""max_depth"": 4, ""learning_rate"": 0.1151022641975334, ""n_estimators"": 333, ""subsample"": 0.9584160791112257, ""colsample_bytree"": 0.9415478991223347, ""reg_alpha"": 0.5937688775799181, ""reg_lambda"": 0.1099600998436608, ""gamma"": 0.11589053882959231, ""scale_pos_weight"": 1.9133722511742723}",0.0
canada,2008-2012,xgboost_classifier,top10,as_published,0.0,0.5841322465603935,0.12214927189718683,0.48305780079313015,0.4504121196651251,-0.6942868736422021,0.6792557542296197,1.0941235223221724,2.0,1.8959143923387782,-0.03589168636434836,-0.009208616010803014,0.06620407267187556,0.4236839276701541,,,"{""max_depth"": 4, ""learning_rate"": 0.1151022641975334, ""n_estimators"": 333, ""subsample"": 0.9584160791112257, ""colsample_bytree"": 0.9415478991223347, ""reg_alpha"": 0.5937688775799181, ""reg_lambda"": 0.1099600998436608, ""gamma"": 0.11589053882959231, ""scale_pos_weight"": 1.9133722511742723}",0.0
canada,2008-2012,xgboost_classifier,top20,corrected,0.0,-0.15229559991732466,-0.04054591103543992,-0.30584862284811715,0.11424044944961882,-0.2806308420890482,-0.41910450721512105,0.949114141025797,2.0,1.1369034536678522,-0.03589168636434836,-0.009208616010803014,0.06620407267187556,0.4236839276701541,,,"{""max_depth"": 4, ""learning_rate"": 0.1151022641975334, ""n_estimators"": 333, ""subsample"": 0.9584160791112257, ""colsample_bytree"": 0.9415478991223347, ""reg_alpha"": 0.5937688775799181, ""reg_lambda"": 0.1099600998436608, ""gamma"": 0.11589053882959231, ""scale_pos_weight"": 1.9133722511742723}",0.0
canada,2008-2012,xgboost_classifier,top20,as_published,0.0,0.7251144652105872,0.1463739247662541,0.5359438955115884,0.4240627204009711,-0.6351183883926197,0.7552334092973647,1.1074715850779648,2.0,1.2708097699981649,-0.03589168636434836,-0.009208616010803014,0.06620407267187556,0.4236839276701541,,,"{""max_depth"": 4, ""learning_rate"": 0.1151022641975334, ""n_estimators"": 333, ""subsample"": 0.9584160791112257, ""colsample_bytree"": 0.9415478991223347, ""reg_alpha"": 0.5937688775799181, ""reg_lambda"": 0.1099600998436608, ""gamma"": 0.11589053882959231, ""scale_pos_weight"": 1.9133722511742723}",0.0
canada,2008-2012,xgboost_classifier,positive,corrected,0.0,0.41828251983415266,0.09148747088032505,0.5354923978433299,0.20209805445104334,-0.19995092092493472,0.7487186259488899,1.1068706145148939,2.0,2.087024162924526,-0.03589168636434836,-0.009208616010803014,0.06620407267187556,0.4236839276701541,,,"{""max_depth"": 4, ""learning_rate"": 0.1151022641975334, ""n_estimators"": 333, ""subsample"": 0.9584160791112257, ""colsample_bytree"": 0.9415478991223347, ""reg_alpha"": 0.5937688775799181, ""reg_lambda"": 0.1099600998436608, ""gamma"": 0.11589053882959231, ""scale_pos_weight"": 1.9133722511742723}",0.0
canada,2008-2012,xgboost_classifier,positive,as_published,0.0,0.48122345904268204,0.10342523824086425,0.4451169972559387,0.4324374390174263,-0.650697118696044,0.6279260289529556,1.084096522975748,2.0,2.2917503656481517,-0.03589168636434836,-0.009208616010803014,0.06620407267187556,0.4236839276701541,,,"{""max_depth"": 4, ""learning_rate"": 0.1151022641975334, ""n_estimators"": 333, ""subsample"": 0.9584160791112257, ""colsample_bytree"": 0.9415478991223347, ""reg_alpha"": 0.5937688775799181, ""reg_lambda"": 0.1099600998436608, ""gamma"": 0.11589053882959231, ""scale_pos_weight"": 1.9133722511742723}",0.0
canada,2008-2012,hist_gradient_boosting_classifier,top10,corrected,0.0,-0.19038967781288785,-0.05153387148173616,-0.19160181818504227,0.1860791728989015,-0.3119128110407885,-0.2624510323223786,0.9667769190762944,2.0,1.2173388986978904,-0.03589168636434836,-0.009208616010803014,0.06620407267187556,0.4236839276701541,,,"{""learning_rate"": 0.046454291528049016, ""max_iter"": 57, ""max_leaf_nodes"": 33, ""max_features"": 0.9982097961588797, ""min_samples_leaf"": 10, ""l2_regularization"": 0.5035640547568216, ""warm_start"": false}",0.0
canada,2008-2012,hist_gradient_boosting_classifier,top10,as_published,0.0,0.7105017513054606,0.1439335575356826,0.5206639943284539,0.49183336383850845,-0.6615240651822718,0.7419215517690906,1.1034793687859872,2.0,1.2411109697391542,-0.03589168636434836,-0.009208616010803014,0.06620407267187556,0.4236839276701541,,,"{""learning_rate"": 0.046454291528049016, ""max_iter"": 57, ""max_leaf_nodes"": 33, ""max_features"": 0.9982097961588797, ""min_samples_leaf"": 10, ""l2_regularization"": 0.5035640547568216, ""warm_start"": false}",0.0
canada,2008-2012,hist_gradient_boosting_classifier,top20,corrected,0.0,-0.030340522358726085,-0.007688719116075049,-0.008950131466043117,0.11572846730589584,-0.2576574310627684,-0.012491264013535942,0.9984409750732121,2.0,0.7306182288666753,-0.03589168636434836,-0.009208616010803014,0.06620407267187556,0.4236839276701541,,,"{""learning_rate"": 0.046454291528049016, ""max_iter"": 57, ""max_leaf_nodes"": 33, ""max_features"": 0.9982097961588797, ""min_samples_leaf"": 10, ""l2_regularization"": 0.5035640547568216, ""warm_start"": false}",0.0
canada,2008-2012,hist_gradient_boosting_classifier,top20,as_published,0.0,0.7822586715051463,0.15577097632382575,0.5555458614852743,0.4224975625298264,-0.6226161082219075,0.7846951597134554,1.1100948607431966,2.0,0.7611330717766032,-0.03589168636434836,-0.009208616010803014,0.06620407267187556,0.4236839276701541,,,"{""learning_rate"": 0.046454291528049016, ""max_iter"": 57, ""max_leaf_nodes"": 33, ""max_features"": 0.9982097961588797, ""min_samples_leaf"": 10, ""l2_regularization"": 0.5035640547568216, ""warm_start"": false}",0.0
canada,2008-2012,hist_gradient_boosting_classifier,positive,corrected,0.0,-0.0763623134989524,-0.019703019044300163,0.21716010735730273,0.4216323533086904,-0.6264736233014223,0.25972663794990625,1.0577363861816849,1.9999999999999998,1.9534213494020718,-0.03589168636434836,-0.009208616010803014,0.06620407267187556,0.4236839276701541,,,"{""learning_rate"": 0.046454291528049016, ""max_iter"": 57, ""max_leaf_nodes"": 33, ""max_features"": 0.9982097961588797, ""min_samples_leaf"": 10, ""l2_regularization"": 0.5035640547568216, ""warm_start"": false}",0.0
canada,2008-2012,hist_gradient_boosting_classifier,positive,as_published,0.0,1.662497601960315,0.2780300826658988,0.72330346509362,0.5020699193740585,-0.5349801242330209,1.2416395545356638,1.1737877393580758,1.9999999999999996,2.277867384132895,-0.03589168636434836,-0.009208616010803014,0.06620407267187556,0.4236839276701541,,,"{""learning_rate"": 0.046454291528049016, ""max_iter"": 57, ""max_leaf_nodes"": 33, ""max_features"": 0.9982097961588797, ""min_samples_leaf"": 10, ""l2_regularization"": 0.5035640547568216, ""warm_start"": false}",0.0
canada,2008-2012,extra_trees_classifier,top10,corrected,0.0,-0.380631643121524,-0.1130886119450536,-0.58945047236088,0.17730480102795498,-0.47148768008369946,-0.8262346726083367,0.9035469166848926,2.0,0.14136142679218866,-0.03589168636434836,-0.009208616010803014,0.06620407267187556,0.4236839276701541,,,"{""n_estimators"": 265, ""criterion"": ""gini"", ""max_depth"": 20, ""min_samples_split"": 10, ""min_samples_leaf"": 5, ""max_features"": ""sqrt"", ""ccp_alpha"": 0.0019190721168773628, ""bootstrap"": true}",0.0
canada,2008-2012,extra_trees_classifier,top10,as_published,0.0,0.4029364228103054,0.08851679543007318,0.42142864689111936,0.5020323457268476,-0.7011382733794902,0.5953534704440552,1.0818892824661714,2.0,0.1732551471644955,-0.03589168636434836,-0.009208616010803014,0.06620407267187556,0.4236839276701541,,,"{""n_estimators"": 265, ""criterion"": ""gini"", ""max_depth"": 20, ""min_samples_split"": 10, ""min_samples_leaf"": 5, ""max_features"": ""sqrt"", ""ccp_alpha"": 0.0019190721168773628, ""bootstrap"": true}",0.0
canada,2008-2012,extra_trees_classifier,top20,corrected,0.0,-0.24009277014193975,-0.06646886519621586,-0.5970694707687667,0.10601002861101214,-0.30829450470009534,-0.8480929618700226,0.9029699034359445,2.0,0.12098994200231267,-0.03589168636434836,-0.009208616010803014,0.06620407267187556,0.4236839276701541,,,"{""n_estimators"": 265, ""criterion"": ""gini"", ""max_depth"": 20, ""min_samples_split"": 10, ""min_samples_leaf"": 5, ""max_features"": ""sqrt"", ""ccp_alpha"": 0.0019190721168773628, ""bootstrap"": true}",0.0
canada,2008-2012,extra_trees_classifier,top20,as_published,0.0,0.6428262513463996,0.1324233339002121,0.5072419247001035,0.42200101049325683,-0.6209068924216188,0.7147210524171429,1.0999835001588385,2.0,0.1458738202360138,-0.03589168636434836,-0.009208616010803014,0.06620407267187556,0.4236839276701541,,,"{""n_estimators"": 265, ""criterion"": ""gini"", ""max_depth"": 20, ""min_samples_split"": 10, ""min_samples_leaf"": 5, ""max_features"": ""sqrt"", ""ccp_alpha"": 0.0019190721168773628, ""bootstrap"": true}",0.0
canada,2008-2012,extra_trees_classifier,positive,corrected,0.0,0.39616178263941415,0.08719761718314367,0.5203883012966446,0.19901417703982618,-0.23535347976262433,0.7501574859154413,1.1009835683917797,1.0,0.22224008644282672,-0.03589168636434836,-0.009208616010803014,0.06620407267187556,0.4236839276701541,,,"{""n_estimators"": 265, ""criterion"": ""gini"", ""max_depth"": 20, ""min_samples_split"": 10, ""min_samples_leaf"": 5, ""max_features"": ""sqrt"", ""ccp_alpha"": 0.0019190721168773628, ""bootstrap"": true}",0.0
canada,2008-2012,extra_trees_classifier,positive,as_published,0.0,0.37970274683433836,0.08397255971182926,0.4925268178195597,0.20802121377717261,-0.362989394355542,0.6927791957488039,1.0974138011888577,1.0,0.2130969150922097,-0.03589168636434836,-0.009208616010803014,0.06620407267187556,0.4236839276701541,,,"{""n_estimators"": 265, ""criterion"": ""gini"", ""max_depth"": 20, ""min_samples_split"": 10, ""min_samples_leaf"": 5, ""max_features"": ""sqrt"", ""ccp_alpha"": 0.0019190721168773628, ""bootstrap"": true}",0.0
canada,2012-2020,ridge_regressor,top10,corrected,0.0,-0.2678870812678672,-0.038266240316268574,-0.16684781147139455,0.15883428400803398,-0.47038809153288896,-0.22798371418442742,0.9713789081794478,2.0,1.814740547225324,0.04552373837006796,0.46993795306081715,0.14098277909956702,1.3954157233282336,-0.3791682221000346,-0.1723351201718737,"{""alpha"": 0.6779421604779466, ""max_iter"": 8581, ""tol"": 9.236303844911439e-05, ""solver"": ""auto""}",0.1
canada,2012-2020,ridge_regressor,top10,as_published,0.0,12.58262939725651,0.3860169272702574,1.5300500265131296,0.23175273931493431,-0.2765874609766993,2.30624416592595,1.2910684440440434,2.0,1.954584134075464,0.04552373837006796,0.46993795306081715,0.14098277909956702,1.3954157233282336,-0.3791682221000346,-0.1723351201718737,"{""alpha"": 0.6779421604779466, ""max_iter"": 8581, ""tol"": 9.236303844911439e-05, ""solver"": ""auto""}",0.0
canada,2012-2020,ridge_regressor,top20,corrected,0.0,-0.07592923952817232,-0.009832317017397507,-0.05303634331141434,0.09742470502725277,-0.24215343750762597,-0.07388566950042094,0.9910660514595406,2.0,1.2321612430577502,0.04552373837006796,0.46993795306081715,0.14098277909956702,1.3954157233282336,-0.3791682221000346,-0.1723351201718737,"{""alpha"": 0.6779421604779466, ""max_iter"": 8581, ""tol"": 9.236303844911439e-05, ""solver"": ""auto""}",0.0
canada,2012-2020,ridge_regressor,top20,as_published,0.0,6.923098512687513,0.2956191598578093,1.370118578654434,0.20514402734021242,-0.2915672808523009,1.9987236662013372,1.2585645973513586,2.0,1.366977813709263,0.04552373837006796,0.46993795306081715,0.14098277909956702,1.3954157233282336,-0.3791682221000346,-0.1723351201718737,"{""alpha"": 0.6779421604779466, ""max_iter"": 8581, ""tol"": 9.236303844911439e-05, ""solver"": ""auto""}",0.0
canada,2012-2020,ridge_regressor,positive,corrected,0.0,0.924127972433662,0.0853398754675605,0.6062454811899365,0.1556198634810601,-0.2148367296086835,0.867327080027443,1.1379726347105823,1.0,1.2239618951249756,0.04552373837006796,0.46993795306081715,0.14098277909956702,1.3954157233282336,-0.3791682221000346,-0.1723351201718737,"{""alpha"": 0.6779421604779466, ""max_iter"": 8581, ""tol"": 9.236303844911439e-05, ""solver"": ""auto""}",0.0
canada,2012-2020,ridge_regressor,positive,as_published,0.0,4.048840124257737,0.22458600091028602,1.3618443695737577,0.15849359284239536,-0.18436969279446058,2.1701950273398256,1.3444063577880006,1.0,1.0398136588344282,0.04552373837006796,0.46993795306081715,0.14098277909956702,1.3954157233282336,-0.3791682221000346,-0.1723351201718737,"{""alpha"": 0.6779421604779466, ""max_iter"": 8581, ""tol"": 9.236303844911439e-05, ""solver"": ""auto""}",0.0
canada,2012-2020,xgboost_regressor,top10,corrected,0.0,-0.23879203521123726,-0.03356490524246425,-0.13315337257084817,0.16056485883448057,-0.42838593921642354,-0.1885495215519016,0.9777066625056383,2.0,2.825589051777942,0.04552373837006796,0.46993795306081715,0.14098277909956702,1.3954157233282336,-0.00288279229589393,-0.017634947833346182,"{""max_depth"": 10, ""learning_rate"": 0.276829021442431, ""n_estimators"": 493, ""subsample"": 0.8719692247104591, ""colsample_bytree"": 0.9940542446575643, ""reg_alpha"": 0.006453374219829278, ""reg_lambda"": 0.0038381442337547256, ""gamma"": 0.1202684210924142, ""scale_pos_weight"": 9.876601507615167}",0.0
canada,2012-2020,xgboost_regressor,top10,as_published,0.0,13.950519139878224,0.40275860234855343,1.512181197048711,0.24445126239980333,-0.265633368860411,2.294499715619004,1.2858962758783152,2.0,2.894111864273416,0.04552373837006796,0.46993795306081715,0.14098277909956702,1.3954157233282336,-0.00288279229589393,-0.017634947833346182,"{""max_depth"": 10, ""learning_rate"": 0.276829021442431, ""n_estimators"": 493, ""subsample"": 0.8719692247104591, ""colsample_bytree"": 0.9940542446575643, ""reg_alpha"": 0.006453374219829278, ""reg_lambda"": 0.0038381442337547256, ""gamma"": 0.1202684210924142, ""scale_pos_weight"": 9.876601507615167}",0.0
canada,2012-2020,xgboost_regressor,top20,corrected,0.0,-0.1641265087966698,-0.02218303817501288,-0.1792991065065001,0.09850097019474065,-0.33951260635619374,-0.253355495533397,0.9705376909421902,2.0,2.1764541171587695,0.04552373837006796,0.46993795306081715,0.14098277909956702,1.3954157233282336,-0.00288279229589393,-0.017634947833346182,"{""max_depth"": 10, ""learning_rate"": 0.276829021442431, ""n_estimators"": 493, ""subsample"": 0.8719692247104591, ""colsample_bytree"": 0.9940542446575643, ""reg_alpha"": 0.006453374219829278, ""reg_lambda"": 0.0038381442337547256, ""gamma"": 0.1202684210924142, ""scale_pos_weight"": 9.876601507615167}",0.0
canada,2012-2020,xgboost_regressor,top20,as_published,0.0,9.1906839402888,0.33707244594943875,1.523322718435502,0.20529329867693258,-0.2846106868306918,2.2568584085196757,1.2897109339345378,2.0,2.2297038113290744,0.04552373837006796,0.46993795306081715,0.14098277909956702,1.3954157233282336,-0.00288279229589393,-0.017634947833346182,"{""max_depth"": 10, ""learning_rate"": 0.276829021442431, ""n_estimators"": 493, ""subsample"": 0.8719692247104591, ""colsample_bytree"": 0.9940542446575643, ""reg_alpha"": 0.006453374219829278, ""reg_lambda"": 0.0038381442337547256, ""gamma"": 0.1202684210924142, ""scale_pos_weight"": 9.876601507615167}",0.0
canada,2012-2020,xgboost_regressor,positive,corrected,0.0,-0.8381422126995688,-0.20376713693291526,-0.5999179259785798,0.30184720803944504,-0.8832743936023988,-0.74401906341445,0.8731247060776762,1.9999999999999998,1.8788232484060428,0.04552373837006796,0.46993795306081715,0.14098277909956702,1.3954157233282336,-0.00288279229589393,-0.017634947833346182,"{""max_depth"": 10, ""learning_rate"": 0.276829021442431, ""n_estimators"": 493, ""subsample"": 0.8719692247104591, ""colsample_bytree"": 0.9940542446575643, ""reg_alpha"": 0.006453374219829278, ""reg_lambda"": 0.0038381442337547256, ""gamma"": 0.1202684210924142, ""scale_pos_weight"": 9.876601507615167}",0.0
canada,2012-2020,xgboost_regressor,positive,as_published,0.0,4.993246575202253,0.25114508290672344,0.948342694391654,0.27800081418415146,-0.41640016984093764,1.3774135454627938,1.1994963420419935,1.9999999999999998,1.774891793207735,0.04552373837006796,0.46993795306081715,0.14098277909956702,1.3954157233282336,-0.00288279229589393,-0.017634947833346182,"{""max_depth"": 10, ""learning_rate"": 0.276829021442431, ""n_estimators"": 493, ""subsample"": 0.8719692247104591, ""colsample_bytree"": 0.9940542446575643, ""reg_alpha"": 0.006453374219829278, ""reg_lambda"": 0.0038381442337547256, ""gamma"": 0.1202684210924142, ""scale_pos_weight"": 9.876601507615167}",0.0
canada,2012-2020,ada_boost_regressor,top10,corrected,0.0,-0.2381383996569103,-0.033461105065569985,-0.12845332570201262,0.16280965012348142,-0.35085548309326375,-0.18418735357527133,0.9782434422172555,2.0,2.8322837155612945,0.04552373837006796,0.46993795306081715,0.14098277909956702,1.3954157233282336,-0.6750219477976814,-0.28981535046826945,"{""n_estimators"": 354, ""learning_rate"": 0.8439190132440547, ""loss"": ""square""}",0.0
canada,2012-2020,ada_boost_regressor,top10,as_published,0.0,6.896039513225518,0.2950646619929085,1.192124653197631,0.242354863523932,-0.30321668581342787,1.764679214427598,1.2213993765098972,2.0,2.89892533053634,0.04552373837006796,0.46993795306081715,0.14098277909956702,1.3954157233282336,-0.6750219477976814,-0.28981535046826945,"{""n_estimators"": 354, ""learning_rate"": 0.8439190132440547, ""loss"": ""square""}",0.0
canada,2012-2020,ada_boost_regressor,top20,corrected,0.0,-0.37936648991828903,-0.05794168229929897,-0.539792255952737,0.10142086596983989,-0.4368010253335384,-0.7481672911733589,0.913612803577913,2.0,2.1686715858417007,0.04552373837006796,0.46993795306081715,0.14098277909956702,1.3954157233282336,-0.6750219477976814,-0.28981535046826945,"{""n_estimators"": 354, ""learning_rate"": 0.8439190132440547, ""loss"": ""square""}",0.0
canada,2012-2020,ada_boost_regressor,top20,as_published,0.0,7.079995226835125,0.29880203945878114,1.3834421084957107,0.20491284364787338,-0.2986667663180649,2.0273189202792907,1.2616261054063056,2.0,2.230396664435502,0.04552373837006796,0.46993795306081715,0.14098277909956702,1.3954157233282336,-0.6750219477976814,-0.28981535046826945,"{""n_estimators"": 354, ""learning_rate"": 0.8439190132440547, ""loss"": ""square""}",0.0
canada,2012-2020,ada_boost_regressor,positive,corrected,0.0,-0.38776615301387873,-0.0595465748145112,-0.18318054824814933,0.21299906018422027,-0.5091124387124875,-0.26441691669033784,0.9597850445043056,2.0,2.078982888568307,0.04552373837006796,0.46993795306081715,0.14098277909956702,1.3954157233282336,-0.6750219477976814,-0.28981535046826945,"{""n_estimators"": 354, ""learning_rate"": 0.8439190132440547, ""loss"": ""square""}",0.0
canada,2012-2020,ada_boost_regressor,positive,as_published,0.0,7.5095987391811185,0.3072483411656648,1.2291527797784747,0.24277705622983617,-0.2943922564353082,1.8451365928242036,1.2552900719936262,2.0,2.116914409174544,0.04552373837006796,0.46993795306081715,0.14098277909956702,1.3954157233282336,-0.6750219477976814,-0.28981535046826945,"{""n_estimators"": 354, ""learning_rate"": 0.8439190132440547, ""loss"": ""square""}",0.0
canada,2012-2020,extra_trees_regressor,top10,corrected,0.0,0.032671521147164206,0.004030876655560345,0.10219431363864752,0.15172401589600124,-0.27915915410157477,0.15035621587313064,1.0176790484489193,2.0,0.11695141631882135,0.04552373837006796,0.46993795306081715,0.14098277909956702,1.3954157233282336,0.005894331043662941,-0.0005182756259358712,"{""n_estimators"": 95, ""max_depth"": 10, ""min_samples_split"": 6, ""min_samples_leaf"": 3, ""max_features"": 0.6650725241096159, ""ccp_alpha"": 0.19025385880718898, ""bootstrap"": true}",0.0
canada,2012-2020,extra_trees_regressor,top10,as_published,0.0,8.433187536567758,0.3242120075906625,1.2008941944207778,0.2637139038054268,-0.4114883024757354,1.7675949649030578,1.2228474660430049,2.0,0.15144953174420084,0.04552373837006796,0.46993795306081715,0.14098277909956702,1.3954157233282336,0.005894331043662941,-0.0005182756259358712,"{""n_estimators"": 95, ""max_depth"": 10, ""min_samples_split"": 6, ""min_samples_leaf"": 3, ""max_features"": 0.6650725241096159, ""ccp_alpha"": 0.19025385880718898, ""bootstrap"": true}",0.0
canada,2012-2020,extra_trees_regressor,top20,corrected,0.0,0.09604170716314231,0.011541026104836538,0.17241823673122111,0.09049435557407322,-0.18190387197409552,0.2514500100771715,1.029041133446583,2.0,0.09407237904967083,0.04552373837006796,0.46993795306081715,0.14098277909956702,1.3954157233282336,0.005894331043662941,-0.0005182756259358712,"{""n_estimators"": 95, ""max_depth"": 10, ""min_samples_split"": 6, ""min_samples_leaf"": 3, ""max_features"": 0.6650725241096159, ""ccp_alpha"": 0.19025385880718898, ""bootstrap"": true}",0.0
canada,2012-2020,extra_trees_regressor,top20,as_published,0.0,7.97311137243458,0.3159527790996648,1.4629241865259246,0.20244066586477238,-0.2929027803965051,2.153761607557882,1.2775174423238072,2.0,0.12295948375333181,0.04552373837006796,0.46993795306081715,0.14098277909956702,1.3954157233282336,0.005894331043662941,-0.0005182756259358712,"{""n_estimators"": 95, ""max_depth"": 10, ""min_samples_split"": 6, ""min_samples_leaf"": 3, ""max_features"": 0.6650725241096159, ""ccp_alpha"": 0.19025385880718898, ""bootstrap"": true}",0.0
canada,2012-2020,extra_trees_regressor,positive,corrected,0.0,1.925123016021712,0.14374155865524152,1.4228878462432712,0.09812333480111887,-0.13863921994783257,2.0807187873650532,1.26782455596896,1.0,0.04514340140861216,0.04552373837006796,0.46993795306081715,0.14098277909956702,1.3954157233282336,0.005894331043662941,-0.0005182756259358712,"{""n_estimators"": 95, ""max_depth"": 10, ""min_samples_split"": 6, ""min_samples_leaf"": 3, ""max_features"": 0.6650725241096159, ""ccp_alpha"": 0.19025385880718898, ""bootstrap"": true}",0.0
canada,2012-2020,extra_trees_regressor,positive,as_published,0.0,2.072296987892996,0.15078852611015225,1.4795660192770665,0.09856169865526998,-0.14349362292974366,2.169050867442953,1.2823951806747682,1.0,0.058445190739531167,0.04552373837006796,0.46993795306081715,0.14098277909956702,1.3954157233282336,0.005894331043662941,-0.0005182756259358712,"{""n_estimators"": 95, ""max_depth"": 10, ""min_samples_split"": 6, ""min_samples_leaf"": 3, ""max_features"": 0.6650725241096159, ""ccp_alpha"": 0.19025385880718898, ""bootstrap"": true}",0.0
canada,2012-2020,logistic_regression_classifier,top10,corrected,0.0,0.22165817293807266,0.025368292029927852,0.24472617896438426,0.1463793596377343,-0.24707494653358575,0.3600637023919197,1.0424107167586165,2.0,0.8427935799387177,0.04552373837006796,0.46993795306081715,0.14098277909956702,1.3954157233282336,,,"{""tol"": 0.00988729120086888, ""C"": 86.90997456803998, ""solver"": ""saga"", ""max_iter"": 726, ""warm_start"": false, ""l1_ratio"": 0.7388653014427891}",0.0
canada,2012-2020,logistic_regression_classifier,top10,as_published,0.0,6.2874057212307095,0.28213109252133384,1.1298968219049346,0.2480971921476815,-0.35478765507948906,1.6261559687331535,1.204961795200858,2.0,0.9941438921372892,0.04552373837006796,0.46993795306081715,0.14098277909956702,1.3954157233282336,,,"{""tol"": 0.00988729120086888, ""C"": 86.90997456803998, ""solver"": ""saga"", ""max_iter"": 726, ""warm_start"": false, ""l1_ratio"": 0.7388653014427891}",0.0
canada,2012-2020,logistic_regression_classifier,top20,corrected,0.0,0.035817117712665825,0.004413054981350584,0.09399369952421717,0.09090990494692767,-0.24586093905318285,0.13576841138989534,1.01577281633485,2.0,0.6365247539119891,0.04552373837006796,0.46993795306081715,0.14098277909956702,1.3954157233282336,,,"{""tol"": 0.00988729120086888, ""C"": 86.90997456803998, ""solver"": ""saga"", ""max_iter"": 726, ""warm_start"": false, ""l1_ratio"": 0.7388653014427891}",0.0
canada,2012-2020,logistic_regression_classifier,top20,as_published,0.0,7.910962715663578,0.31480883544631144,1.464226422533916,0.20154909887597103,-0.2972886083290819,2.139306826017089,1.276451023957285,2.0,0.7630198247048341,0.04552373837006796,0.46993795306081715,0.14098277909956702,1.3954157233282336,,,"{""tol"": 0.00988729120086888, ""C"": 86.90997456803998, ""solver"": ""saga"", ""max_iter"": 726, ""warm_start"": false, ""l1_ratio"": 0.7388653014427891}",0.0
canada,2012-2020,logistic_regression_classifier,positive,corrected,0.0,0.3951024289189198,0.04254387039666119,0.4205998077061728,0.11528607479394896,-0.27656822143893356,0.5659651954545211,1.0799209316941754,1.0000000000000002,1.4228952467938132,0.04552373837006796,0.46993795306081715,0.14098277909956702,1.3954157233282336,,,"{""tol"": 0.00988729120086888, ""C"": 86.90997456803998, ""solver"": ""saga"", ""max_iter"": 726, ""warm_start"": false, ""l1_ratio"": 0.7388653014427891}",0.0
canada,2012-2020,logistic_regression_classifier,positive,as_published,0.0,5.725291477270409,0.26931737198623407,1.4159890076016584,0.18058441936883954,-0.2543579972551565,2.134217900611766,1.3204619130031654,1.0000000000000002,1.5340896308110374,0.04552373837006796,0.46993795306081715,0.14098277909956702,1.3954157233282336,,,"{""tol"": 0.00988729120086888, ""C"": 86.90997456803998, ""solver"": ""saga"", ""max_iter"": 726, ""warm_start"": false, ""l1_ratio"": 0.7388653014427891}",0.0
canada,2012-2020,xgboost_classifier,top10,corrected,0.0,-0.12664564062060402,-0.01680138892189942,-0.03706614559728487,0.1510466484352568,-0.3270245590482741,-0.052805603579412115,0.9935552771467105,2.0,1.01318652620843,0.04552373837006796,0.46993795306081715,0.14098277909956702,1.3954157233282336,,,"{""max_depth"": 7, ""learning_rate"": 0.09270600421342759, ""n_estimators"": 385, ""subsample"": 0.9992219113688698, ""colsample_bytree"": 0.9100584041949094, ""reg_alpha"": 0.6642633971374314, ""reg_lambda"": 0.24202410201249647, ""gamma"": 0.04788476275306658, ""scale_pos_weight"": 4.273714637082063}",0.0
canada,2012-2020,xgboost_classifier,top10,as_published,0.0,10.970637403832924,0.3642789044356025,1.3748914279358648,0.24946860870681156,-0.2852592690889567,2.0367076589214945,1.2563885689044751,2.0,0.9697401006482345,0.04552373837006796,0.46993795306081715,0.14098277909956702,1.3954157233282336,,,"{""max_depth"": 7, ""learning_rate"": 0.09270600421342759, ""n_estimators"": 385, ""subsample"": 0.9992219113688698, ""colsample_bytree"": 0.9100584041949094, ""reg_alpha"": 0.6642633971374314, ""reg_lambda"": 0.24202410201249647, ""gamma"": 0.04788476275306658, ""scale_pos_weight"": 4.273714637082063}",0.0
canada,2012-2020,xgboost_classifier,top20,corrected,0.0,-0.08494284326645629,-0.011046037177685486,-0.07537863869949216,0.09188461219605398,-0.22690819278322183,-0.10637285340695458,0.98734111109677,2.0,0.6608276131157237,0.04552373837006796,0.46993795306081715,0.14098277909956702,1.3954157233282336,,,"{""max_depth"": 7, ""learning_rate"": 0.09270600421342759, ""n_estimators"": 385, ""subsample"": 0.9992219113688698, ""colsample_bytree"": 0.9100584041949094, ""reg_alpha"": 0.6642633971374314, ""reg_lambda"": 0.24202410201249647, ""gamma"": 0.04788476275306658, ""scale_pos_weight"": 4.273714637082063}",0.0
canada,2012-2020,xgboost_classifier,top20,as_published,0.0,7.785671019668049,0.3124812644996833,1.4428162912119504,0.2035865948629777,-0.2946614281265161,2.1178548458330475,1.2742118632379025,2.0,0.6305311459466133,0.04552373837006796,0.46993795306081715,0.14098277909956702,1.3954157233282336,,,"{""max_depth"": 7, ""learning_rate"": 0.09270600421342759, ""n_estimators"": 385, ""subsample"": 0.9992219113688698, ""colsample_bytree"": 0.9100584041949094, ""reg_alpha"": 0.6642633971374314, ""reg_lambda"": 0.24202410201249647, ""gamma"": 0.04788476275306658, ""scale_pos_weight"": 4.273714637082063}",0.0
canada,2012-2020,xgboost_classifier,positive,corrected,0.0,-0.6765225136096322,-0.13170452494287987,-0.1701453835579919,0.3733456148712491,-0.7189722570862059,-0.21110146140404243,0.9524995777667953,1.9819277277150618,1.4244609216627564,0.04552373837006796,0.46993795306081715,0.14098277909956702,1.3954157233282336,,,"{""max_depth"": 7, ""learning_rate"": 0.09270600421342759, ""n_estimators"": 385, ""subsample"": 0.9992219113688698, ""colsample_bytree"": 0.9100584041949094, ""reg_alpha"": 0.6642633971374314, ""reg_lambda"": 0.24202410201249647, ""gamma"": 0.04788476275306658, ""scale_pos_weight"": 4.273714637082063}",0.0
canada,2012-2020,xgboost_classifier,positive,as_published,0.0,6.852185951250916,0.29416246654022915,1.0222131448720984,0.29557674276998036,-0.35296299023847455,1.5743823741410892,1.2511793187079847,1.9490617195682196,1.3247386152307048,0.04552373837006796,0.46993795306081715,0.14098277909956702,1.3954157233282336,,,"{""max_depth"": 7, ""learning_rate"": 0.09270600421342759, ""n_estimators"": 385, ""subsample"": 0.9992219113688698, ""colsample_bytree"": 0.9100584041949094, ""reg_alpha"": 0.6642633971374314, ""reg_lambda"": 0.24202410201249647, ""gamma"": 0.04788476275306658, ""scale_pos_weight"": 4.273714637082063}",0.0
canada,2012-2020,hist_gradient_boosting_classifier,top10,corrected,0.0,-0.25741180898449456,-0.036555060373792636,-0.16895795026632723,0.15252996362576648,-0.4079013886771726,-0.24444317766544052,0.9713331396548416,2.0,0.7572950098984997,0.04552373837006796,0.46993795306081715,0.14098277909956702,1.3954157233282336,,,"{""learning_rate"": 0.0162660728420384, ""max_iter"": 153, ""max_leaf_nodes"": 32, ""max_features"": 0.8105944983741254, ""min_samples_leaf"": 40, ""l2_regularization"": 0.9392337917105591, ""warm_start"": true}",0.0
canada,2012-2020,hist_gradient_boosting_classifier,top10,as_published,0.0,9.13860712902604,0.3362155561679543,1.2519388311919748,0.25925667802349955,-0.368541347076513,1.8549358475414781,1.2336022231649113,2.0,0.5527993474564951,0.04552373837006796,0.46993795306081715,0.14098277909956702,1.3954157233282336,,,"{""learning_rate"": 0.0162660728420384, ""max_iter"": 153, ""max_leaf_nodes"": 32, ""max_features"": 0.8105944983741254, ""min_samples_leaf"": 40, ""l2_regularization"": 0.9392337917105591, ""warm_start"": true}",0.0
canada,2012-2020,hist_gradient_boosting_classifier,top20,corrected,0.0,-0.08611991346211267,-0.011205306028453599,-0.0778293066373425,0.09153509349063853,-0.22464036303913537,-0.11208090193006211,0.9871567443333482,2.0,0.5461154411770122,0.04552373837006796,0.46993795306081715,0.14098277909956702,1.3954157233282336,,,"{""learning_rate"": 0.0162660728420384, ""max_iter"": 153, ""max_leaf_nodes"": 32, ""max_features"": 0.8105944983741254, ""min_samples_leaf"": 40, ""l2_regularization"": 0.9392337917105591, ""warm_start"": true}",0.0
canada,2012-2020,hist_gradient_boosting_classifier,top20,as_published,0.0,7.854828868182443,0.31376958854471515,1.4552859060915853,0.20234560767042695,-0.29798512756433926,2.137707346440715,1.2757539143310634,2.0,0.43092419179463015,0.04552373837006796,0.46993795306081715,0.14098277909956702,1.3954157233282336,,,"{""learning_rate"": 0.0162660728420384, ""max_iter"": 153, ""max_leaf_nodes"": 32, ""max_features"": 0.8105944983741254, ""min_samples_leaf"": 40, ""l2_regularization"": 0.9392337917105591, ""warm_start"": true}",0.0
canada,2012-2020,hist_gradient_boosting_classifier,positive,corrected,0.0,-0.18051585291492578,-0.024602895044216533,-0.0011246941007094782,0.22213207715327513,-0.5405631240701192,-0.0015220680415422032,0.9997375698662324,1.0000000000000002,1.4402641968840642,0.04552373837006796,0.46993795306081715,0.14098277909956702,1.3954157233282336,,,"{""learning_rate"": 0.0162660728420384, ""max_iter"": 153, ""max_leaf_nodes"": 32, ""max_features"": 0.8105944983741254, ""min_samples_leaf"": 40, ""l2_regularization"": 0.9392337917105591, ""warm_start"": true}",0.0
canada,2012-2020,hist_gradient_boosting_classifier,positive,as_published,0.0,1.8118303020145334,0.13810234813856304,0.6031815359383195,0.2801887555116318,-0.41605703141479544,0.9085759155992063,1.1625577106591762,1.0000000000000002,1.2865262116938412,0.04552373837006796,0.46993795306081715,0.14098277909956702,1.3954157233282336,,,"{""learning_rate"": 0.0162660728420384, ""max_iter"": 153, ""max_leaf_nodes"": 32, ""max_features"": 0.8105944983741254, ""min_samples_leaf"": 40, ""l2_regularization"": 0.9392337917105591, ""warm_start"": true}",0.0
canada,2012-2020,extra_trees_classifier,top10,corrected,0.0,0.013688038825490967,0.0017025948059290474,0.0863197585793349,0.15049660817794622,-0.29241028882798914,0.12678278413992497,1.014907533487709,2.0,0.16124795682873427,0.04552373837006796,0.46993795306081715,0.14098277909956702,1.3954157233282336,,,"{""n_estimators"": 228, ""criterion"": ""gini"", ""max_depth"": 14, ""min_samples_split"": 10, ""min_samples_leaf"": 5, ""max_features"": ""sqrt"", ""ccp_alpha"": 0.0010240691141832348, ""bootstrap"": true}",0.0
canada,2012-2020,extra_trees_classifier,top10,as_published,0.0,8.433187536567758,0.3242120075906625,1.2008941944207778,0.2637139038054268,-0.4114883024757354,1.7675949649030578,1.2228474660430049,2.0,0.15144953174420084,0.04552373837006796,0.46993795306081715,0.14098277909956702,1.3954157233282336,,,"{""n_estimators"": 228, ""criterion"": ""gini"", ""max_depth"": 14, ""min_samples_split"": 10, ""min_samples_leaf"": 5, ""max_features"": ""sqrt"", ""ccp_alpha"": 0.0010240691141832348, ""bootstrap"": true}",0.0
canada,2012-2020,extra_trees_classifier,top20,corrected,0.0,0.09316736600786046,0.011208711366754498,0.1693577758203423,0.08983171127320017,-0.18404930800485775,0.24646630943232703,1.0284966912938587,2.0,0.14105153535784246,0.04552373837006796,0.46993795306081715,0.14098277909956702,1.3954157233282336,,,"{""n_estimators"": 228, ""criterion"": ""gini"", ""max_depth"": 14, ""min_samples_split"": 10, ""min_samples_leaf"": 5, ""max_features"": ""sqrt"", ""ccp_alpha"": 0.0010240691141832348, ""bootstrap"": true}",0.0
canada,2012-2020,extra_trees_classifier,top20,as_published,0.0,7.97311137243458,0.3159527790996648,1.4629241865259246,0.20244066586477238,-0.2929027803965051,2.153761607557882,1.2775174423238072,2.0,0.12295948375333181,0.04552373837006796,0.46993795306081715,0.14098277909956702,1.3954157233282336,,,"{""n_estimators"": 228, ""criterion"": ""gini"", ""max_depth"": 14, ""min_samples_split"": 10, ""min_samples_leaf"": 5, ""max_features"": ""sqrt"", ""ccp_alpha"": 0.0010240691141832348, ""bootstrap"": true}",0.0
canada,2012-2020,extra_trees_classifier,positive,corrected,0.0,1.7028515616448883,0.13248706426922707,1.3282265496266623,0.09760372232810488,-0.16625567853965229,1.9354636295891985,1.2474060669039597,1.0,0.188492228801668,0.04552373837006796,0.46993795306081715,0.14098277909956702,1.3954157233282336,,,"{""n_estimators"": 228, ""criterion"": ""gini"", ""max_depth"": 14, ""min_samples_split"": 10, ""min_samples_leaf"": 5, ""max_features"": ""sqrt"", ""ccp_alpha"": 0.0010240691141832348, ""bootstrap"": true}",0.0
canada,2012-2020,extra_trees_classifier,positive,as_published,0.0,2.072296987892996,0.15078852611015225,1.4795660192770665,0.09856169865526998,-0.14349362292974366,2.169050867442953,1.2823951806747682,1.0,0.2006837914189266,0.04552373837006796,0.46993795306081715,0.14098277909956702,1.3954157233282336,,,"{""n_estimators"": 228, ""criterion"": ""gini"", ""max_depth"": 14, ""min_samples_split"": 10, ""min_samples_leaf"": 5, ""max_features"": ""sqrt"", ""ccp_alpha"": 0.0010240691141832348, ""bootstrap"": true}",0.0
canada,2020-2024,ridge_regressor,top10,corrected,0.0,0.16468223473590227,0.038956354603173704,0.30362305828937103,0.17880851630094804,-0.2838564695498681,0.4263443979277328,1.0515817782780692,2.0,2.2195810753244047,0.052893447750977485,0.3593799461925293,0.11681511544550038,0.6609788791894335,-2.747378560905093,-1.3133398546495982,"{""alpha"": 0.25671952377436846, ""max_iter"": 3057, ""tol"": 0.0002811510469282279, ""solver"": ""lbfgs""}",0.0
canada,2020-2024,ridge_regressor,top10,as_published,0.0,1.1595713572303548,0.21288990141601571,0.661746743937511,0.4447589428032358,-0.6242671447375054,0.9251591222869919,1.1409277858134703,2.0,1.9024408119437177,0.052893447750977485,0.3593799461925293,0.11681511544550038,0.6609788791894335,-2.747378560905093,-1.3133398546495982,"{""alpha"": 0.25671952377436846, ""max_iter"": 3057, ""tol"": 0.0002811510469282279, ""solver"": ""lbfgs""}",0.0
canada,2020-2024,ridge_regressor,top20,corrected,0.0,0.07067837270368194,0.017267368927516902,0.20199010099969422,0.12143463362867588,-0.2898254216924573,0.2812665513906745,1.034843646484126,2.0,1.6875934302004094,0.052893447750977485,0.3593799461925293,0.11681511544550038,0.6609788791894335,-2.747378560905093,-1.3133398546495982,"{""alpha"": 0.25671952377436846, ""max_iter"": 3057, ""tol"": 0.0002811510469282279, ""solver"": ""lbfgs""}",0.0
canada,2020-2024,ridge_regressor,top20,as_published,0.0,1.0412236500984382,0.19587376577218163,0.6448933812014815,0.4155515555233113,-0.6578447937132867,0.8826780606939061,1.1453383453162171,2.0,1.51080035772758,0.052893447750977485,0.3593799461925293,0.11681511544550038,0.6609788791894335,-2.747378560905093,-1.3133398546495982,"{""alpha"": 0.25671952377436846, ""max_iter"": 3057, ""tol"": 0.0002811510469282279, ""solver"": ""lbfgs""}",0.0
canada,2020-2024,ridge_regressor,positive,corrected,0.0,0.5837672856563763,0.12217321535663528,0.6913840357558245,0.1942336740155724,-0.27973343249985283,1.0498730478043647,1.154686356819041,1.0,0.8759237474825342,0.052893447750977485,0.3593799461925293,0.11681511544550038,0.6609788791894335,-2.747378560905093,-1.3133398546495982,"{""alpha"": 0.25671952377436846, ""max_iter"": 3057, ""tol"": 0.0002811510469282279, ""solver"": ""lbfgs""}",0.0
canada,2020-2024,ridge_regressor,positive,as_published,0.0,0.527899521595611,0.11211590191577159,0.6193516593499276,0.20693428468819977,-0.3876403845499794,0.8410432560018103,1.1395546275160782,1.0,0.9880442919175018,0.052893447750977485,0.3593799461925293,0.11681511544550038,0.6609788791894335,-2.747378560905093,-1.3133398546495982,"{""alpha"": 0.25671952377436846, ""max_iter"": 3057, ""tol"": 0.0002811510469282279, ""solver"": ""lbfgs""}",0.0
canada,2020-2024,xgboost_regressor,top10,corrected,0.0,0.3041198850372224,0.06882973266658055,0.4135162492155224,0.21998231161055554,-0.4510598910359168,0.5951011690935072,1.0765799768124051,2.0,2.693301598784956,0.052893447750977485,0.3593799461925293,0.11681511544550038,0.6609788791894335,0.11983586718818956,0.09860985867310179,"{""max_depth"": 5, ""learning_rate"": 0.17658977578393975, ""n_estimators"": 98, ""subsample"": 0.8840837087368982, ""colsample_bytree"": 0.5022100033581861, ""reg_alpha"": 0.34925717273974366, ""reg_lambda"": 0.3985185402533179, ""gamma"": 0.20143786588508322, ""scale_pos_weight"": 2.952365038510745}",0.0
canada,2020-2024,xgboost_regressor,top10,as_published,0.0,1.7775601755475,0.29187464298742793,0.8049686262018547,0.44575844979456375,-0.6630327010636852,1.1141714053865455,1.176950177607077,2.0,2.8243699831250457,0.052893447750977485,0.3593799461925293,0.11681511544550038,0.6609788791894335,0.11983586718818956,0.09860985867310179,"{""max_depth"": 5, ""learning_rate"": 0.17658977578393975, ""n_estimators"": 98, ""subsample"": 0.8840837087368982, ""colsample_bytree"": 0.5022100033581861, ""reg_alpha"": 0.34925717273974366, ""reg_lambda"": 0.3985185402533179, ""gamma"": 0.20143786588508322, ""scale_pos_weight"": 2.952365038510745}",0.0
canada,2020-2024,xgboost_regressor,top20,corrected,0.0,0.36400772485682165,0.08092792804513249,0.604740555781207,0.1467586334084675,-0.28675548237095505,0.8947173268923293,1.1102018139230956,2.0,2.040239473971881,0.052893447750977485,0.3593799461925293,0.11681511544550038,0.6609788791894335,0.11983586718818956,0.09860985867310179,"{""max_depth"": 5, ""learning_rate"": 0.17658977578393975, ""n_estimators"": 98, ""subsample"": 0.8840837087368982, ""colsample_bytree"": 0.5022100033581861, ""reg_alpha"": 0.34925717273974366, ""reg_lambda"": 0.3985185402533179, ""gamma"": 0.20143786588508322, ""scale_pos_weight"": 2.952365038510745}",0.0
canada,2020-2024,xgboost_regressor,top20,as_published,0.0,0.9679776425196607,0.18496858931713223,0.6219894061956255,0.4200364904135478,-0.6775742888371077,0.8411394057285321,1.1411488823600828,2.0,2.1459354316593147,0.052893447750977485,0.3593799461925293,0.11681511544550038,0.6609788791894335,0.11983586718818956,0.09860985867310179,"{""max_depth"": 5, ""learning_rate"": 0.17658977578393975, ""n_estimators"": 98, ""subsample"": 0.8840837087368982, ""colsample_bytree"": 0.5022100033581861, ""reg_alpha"": 0.34925717273974366, ""reg_lambda"": 0.3985185402533179, ""gamma"": 0.20143786588508322, ""scale_pos_weight"": 2.952365038510745}",0.0
canada,2020-2024,xgboost_regressor,positive,corrected,0.0,1.149496261784289,0.211468901115486,0.9872546190557954,0.21891749499643706,-0.27973343249985283,1.5221579690239673,1.2318160737950778,1.0,0.9495391653019538,0.052893447750977485,0.3593799461925293,0.11681511544550038,0.6609788791894335,0.11983586718818956,0.09860985867310179,"{""max_depth"": 5, ""learning_rate"": 0.17658977578393975, ""n_estimators"": 98, ""subsample"": 0.8840837087368982, ""colsample_bytree"": 0.5022100033581861, ""reg_alpha"": 0.34925717273974366, ""reg_lambda"": 0.3985185402533179, ""gamma"": 0.20143786588508322, ""scale_pos_weight"": 2.952365038510745}",0.0
canada,2020-2024,xgboost_regressor,positive,as_published,0.0,0.3052016625295437,0.06905192276299887,0.3656136091056844,0.3446668473561069,-0.44202036006944423,0.5294656035833953,1.0875294690440052,1.0,0.9549181506622829,0.052893447750977485,0.3593799461925293,0.11681511544550038,0.6609788791894335,0.11983586718818956,0.09860985867310179,"{""max_depth"": 5, ""learning_rate"": 0.17658977578393975, ""n_estimators"": 98, ""subsample"": 0.8840837087368982, ""colsample_bytree"": 0.5022100033581861, ""reg_alpha"": 0.34925717273974366, ""reg_lambda"": 0.3985185402533179, ""gamma"": 0.20143786588508322, ""scale_pos_weight"": 2.952365038510745}",0.0
canada,2020-2024,ada_boost_regressor,top10,corrected,0.0,0.21760800631891275,0.05059556019455469,0.3428252217597434,0.2070026778521213,-0.29967106554761247,0.48719979846473205,1.0625407524301629,2.0,2.9596970867747734,0.052893447750977485,0.3593799461925293,0.11681511544550038,0.6609788791894335,-0.2632894102774842,-0.06579198878461034,"{""n_estimators"": 253, ""learning_rate"": 0.597412410003561, ""loss"": ""linear""}",0.0
canada,2020-2024,ada_boost_regressor,top10,as_published,0.0,0.17261727983341135,0.04072631822523243,0.3162139104249742,0.43205616361894605,-0.6976377769458229,0.4198282355911414,1.0647523406831987,2.0,2.9253714250953524,0.052893447750977485,0.3593799461925293,0.11681511544550038,0.6609788791894335,-0.2632894102774842,-0.06579198878461034,"{""n_estimators"": 253, ""learning_rate"": 0.597412410003561, ""loss"": ""linear""}",0.0
canada,2020-2024,ada_boost_regressor,top20,corrected,0.0,0.4120243802143262,0.09034363280513724,0.7150803769050452,0.1337745760344205,-0.12138587066069206,1.0258603282370744,1.1327782155946773,2.0,2.192481351878192,0.052893447750977485,0.3593799461925293,0.11681511544550038,0.6609788791894335,-0.2632894102774842,-0.06579198878461034,"{""n_estimators"": 253, ""learning_rate"": 0.597412410003561, ""loss"": ""linear""}",0.0
canada,2020-2024,ada_boost_regressor,top20,as_published,0.0,0.6867571006609874,0.14003706769443003,0.5327984398583314,0.40705607243702774,-0.6663444521117877,0.7180883922065983,1.118316824177216,2.0,2.2432192940437656,0.052893447750977485,0.3593799461925293,0.11681511544550038,0.6609788791894335,-0.2632894102774842,-0.06579198878461034,"{""n_estimators"": 253, ""learning_rate"": 0.597412410003561, ""loss"": ""linear""}",0.0
canada,2020-2024,ada_boost_regressor,positive,corrected,0.0,0.16012230165508723,0.03793513997438369,0.2799759625328173,0.2256976127057357,-0.40207485604655846,0.3787616301852016,1.064047233884215,1.0,0.7262495814746024,0.052893447750977485,0.3593799461925293,0.11681511544550038,0.6609788791894335,-0.2632894102774842,-0.06579198878461034,"{""n_estimators"": 253, ""learning_rate"": 0.597412410003561, ""loss"": ""linear""}",0.0
canada,2020-2024,ada_boost_regressor,positive,as_published,0.0,0.22961656825982457,0.05318348254565053,0.33860933060970877,0.23704980425351344,-0.3876403845499794,0.4597974292007698,1.0742549458556925,1.0,0.48983535032466113,0.052893447750977485,0.3593799461925293,0.11681511544550038,0.6609788791894335,-0.2632894102774842,-0.06579198878461034,"{""n_estimators"": 253, ""learning_rate"": 0.597412410003561, ""loss"": ""linear""}",0.0
canada,2020-2024,extra_trees_regressor,top10,corrected,0.0,-0.13079156875745224,-0.03452907238633596,-0.09483966093611,0.18654501140162144,-0.47345819470804495,-0.12969912283344473,0.9839234032732863,2.0,0.12759981842730309,0.052893447750977485,0.3593799461925293,0.11681511544550038,0.6609788791894335,-0.0002971216148012501,-0.000983426424016054,"{""n_estimators"": 297, ""max_depth"": 13, ""min_samples_split"": 10, ""min_samples_leaf"": 5, ""max_features"": 0.27532171616215617, ""ccp_alpha"": 0.003226687109914639, ""bootstrap"": true}",0.0
canada,2020-2024,extra_trees_regressor,top10,as_published,0.0,0.9359342975297482,0.18010203293286708,0.596168351626343,0.46414972167504565,-0.6641428489388108,0.81704518884787,1.124472359483166,2.0,0.1674939546427904,0.052893447750977485,0.3593799461925293,0.11681511544550038,0.6609788791894335,-0.0002971216148012501,-0.000983426424016054,"{""n_estimators"": 297, ""max_depth"": 13, ""min_samples_split"": 10, ""min_samples_leaf"": 5, ""max_features"": 0.27532171616215617, ""ccp_alpha"": 0.003226687109914639, ""bootstrap"": true}",0.0
canada,2020-2024,extra_trees_regressor,top20,corrected,0.0,-0.09730573798647757,-0.025336604072571323,-0.1772441747735494,0.11057555361565376,-0.2946706704469224,-0.2481174419098988,0.9702523320505513,2.0,0.10976928356310188,0.052893447750977485,0.3593799461925293,0.11681511544550038,0.6609788791894335,-0.0002971216148012501,-0.000983426424016054,"{""n_estimators"": 297, ""max_depth"": 13, ""min_samples_split"": 10, ""min_samples_leaf"": 5, ""max_features"": 0.27532171616215617, ""ccp_alpha"": 0.003226687109914639, ""bootstrap"": true}",0.0
canada,2020-2024,extra_trees_regressor,top20,as_published,0.0,1.143499696065708,0.21062076945973063,0.6784592910356484,0.4082748058779728,-0.6382279078314763,0.9301377720565008,1.1526212881244364,2.0,0.1446389589259738,0.052893447750977485,0.3593799461925293,0.11681511544550038,0.6609788791894335,-0.0002971216148012501,-0.000983426424016054,"{""n_estimators"": 297, ""max_depth"": 13, ""min_samples_split"": 10, ""min_samples_leaf"": 5, ""max_features"": 0.27532171616215617, ""ccp_alpha"": 0.003226687109914639, ""bootstrap"": true}",0.0
canada,2020-2024,extra_trees_regressor,positive,corrected,0.0,0.5486187631070272,0.11587743656234228,0.6612637728658743,0.1953572461823426,-0.3705448532192057,0.8962878723138468,1.146058215624178,1.0,0.05492196224293544,0.052893447750977485,0.3593799461925293,0.11681511544550038,0.6609788791894335,-0.0002971216148012501,-0.000983426424016054,"{""n_estimators"": 297, ""max_depth"": 13, ""min_samples_split"": 10, ""min_samples_leaf"": 5, ""max_features"": 0.27532171616215617, ""ccp_alpha"": 0.003226687109914639, ""bootstrap"": true}",0.0
canada,2020-2024,extra_trees_regressor,positive,as_published,0.0,0.5657989531665244,0.11896796960006872,0.6572465319112755,0.20320414137243847,-0.3876403845499794,0.8941790329424679,1.1495050632416774,1.0,0.07261183387329753,0.052893447750977485,0.3593799461925293,0.11681511544550038,0.6609788791894335,-0.0002971216148012501,-0.000983426424016054,"{""n_estimators"": 297, ""max_depth"": 13, ""min_samples_split"": 10, ""min_samples_leaf"": 5, ""max_features"": 0.27532171616215617, ""ccp_alpha"": 0.003226687109914639, ""bootstrap"": true}",0.0
canada,2020-2024,logistic_regression_classifier,top10,corrected,0.0,-0.21358709534778064,-0.0584550930036164,-0.23806351668203526,0.1828191744450057,-0.4941028922571882,-0.32262652530851565,0.9598761303894376,2.0,0.5292944958167414,0.052893447750977485,0.3593799461925293,0.11681511544550038,0.6609788791894335,,,"{""tol"": 0.00842500095182637, ""C"": 8.411179334410633, ""solver"": ""saga"", ""max_iter"": 788, ""warm_start"": true, ""l1_ratio"": 0.5724569574914731}",0.0
canada,2020-2024,logistic_regression_classifier,top10,as_published,0.0,1.0918241729418434,0.20323729365583065,0.6388510463301755,0.46210823944325646,-0.6641428489388108,0.8774452612800999,1.133975590362865,2.0,0.6701358317816932,0.052893447750977485,0.3593799461925293,0.11681511544550038,0.6609788791894335,,,"{""tol"": 0.00842500095182637, ""C"": 8.411179334410633, ""solver"": ""saga"", ""max_iter"": 788, ""warm_start"": true, ""l1_ratio"": 0.5724569574914731}",0.0
canada,2020-2024,logistic_regression_classifier,top20,corrected,0.0,-0.15577762530092631,-0.04156262985346182,-0.33130936914339304,0.11009481964367929,-0.34035827345129965,-0.4610072207699132,0.9446928889941889,2.0,0.32105598806628716,0.052893447750977485,0.3593799461925293,0.11681511544550038,0.6609788791894335,,,"{""tol"": 0.00842500095182637, ""C"": 8.411179334410633, ""solver"": ""saga"", ""max_iter"": 788, ""warm_start"": true, ""l1_ratio"": 0.5724569574914731}",0.0
canada,2020-2024,logistic_regression_classifier,top20,as_published,0.0,1.0771235170187992,0.20111189614140335,0.6581121541843251,0.4098796468464101,-0.6382279078314763,0.9020928122684051,1.147144437008189,2.0,0.4253426602541079,0.052893447750977485,0.3593799461925293,0.11681511544550038,0.6609788791894335,,,"{""tol"": 0.00842500095182637, ""C"": 8.411179334410633, ""solver"": ""saga"", ""max_iter"": 788, ""warm_start"": true, ""l1_ratio"": 0.5724569574914731}",0.0
canada,2020-2024,logistic_regression_classifier,positive,corrected,0.0,-0.4301137357101754,-0.13148077812028836,-0.6089844388718394,0.1994733534406831,-0.5672503700916504,-0.8789892063868572,0.8823422195490233,1.0,1.1719132167429993,0.052893447750977485,0.3593799461925293,0.11681511544550038,0.6609788791894335,,,"{""tol"": 0.00842500095182637, ""C"": 8.411179334410633, ""solver"": ""saga"", ""max_iter"": 788, ""warm_start"": true, ""l1_ratio"": 0.5724569574914731}",0.0
canada,2020-2024,logistic_regression_classifier,positive,as_published,0.0,0.3333885204634681,0.07479327646428025,0.4052211871514926,0.26795949512255823,-0.4591085428275795,0.5473467148220901,1.0886546332846185,1.0,1.401763031337278,0.052893447750977485,0.3593799461925293,0.11681511544550038,0.6609788791894335,,,"{""tol"": 0.00842500095182637, ""C"": 8.411179334410633, ""solver"": ""saga"", ""max_iter"": 788, ""warm_start"": true, ""l1_ratio"": 0.5724569574914731}",0.0
canada,2020-2024,xgboost_classifier,top10,corrected,0.0,-0.24552248669326437,-0.06818950275277469,-0.2881574175125643,0.18551000379072446,-0.5288254233168219,-0.39452913846633103,0.9513496268728431,2.0,0.5193274075250169,0.052893447750977485,0.3593799461925293,0.11681511544550038,0.6609788791894335,,,"{""max_depth"": 3, ""learning_rate"": 0.011617746879999644, ""n_estimators"": 289, ""subsample"": 0.5181022545156941, ""colsample_bytree"": 0.7794483691300802, ""reg_alpha"": 0.7210037066408463, ""reg_lambda"": 0.9175942931312716, ""gamma"": 0.16185346134682774, ""scale_pos_weight"": 1.7471756138329948}",0.0
canada,2020-2024,xgboost_classifier,top10,as_published,0.0,0.8851652850814165,0.17226646754853592,0.582514051518526,0.46121370431454883,-0.6641428489388108,0.7981884952734272,1.122438642047987,2.0,0.4058246272364716,0.052893447750977485,0.3593799461925293,0.11681511544550038,0.6609788791894335,,,"{""max_depth"": 3, ""learning_rate"": 0.011617746879999644, ""n_estimators"": 289, ""subsample"": 0.5181022545156941, ""colsample_bytree"": 0.7794483691300802, ""reg_alpha"": 0.7210037066408463, ""reg_lambda"": 0.9175942931312716, ""gamma"": 0.16185346134682774, ""scale_pos_weight"": 1.7471756138329948}",0.0
canada,2020-2024,xgboost_classifier,top20,corrected,0.0,-0.11959485448654517,-0.031426290998417206,-0.2359863065887448,0.10995549608923093,-0.308868330293922,-0.32955943731184334,0.9602791136871406,2.0,0.26042036541021624,0.052893447750977485,0.3593799461925293,0.11681511544550038,0.6609788791894335,,,"{""max_depth"": 3, ""learning_rate"": 0.011617746879999644, ""n_estimators"": 289, ""subsample"": 0.5181022545156941, ""colsample_bytree"": 0.7794483691300802, ""reg_alpha"": 0.7210037066408463, ""reg_lambda"": 0.9175942931312716, ""gamma"": 0.16185346134682774, ""scale_pos_weight"": 1.7471756138329948}",0.0
canada,2020-2024,xgboost_classifier,top20,as_published,0.0,1.1101818163777128,0.20587575481471787,0.6688078926552445,0.4082897298613585,-0.6382279078314763,0.9163864654674415,1.1503922866070333,2.0,0.23283820763218857,0.052893447750977485,0.3593799461925293,0.11681511544550038,0.6609788791894335,,,"{""max_depth"": 3, ""learning_rate"": 0.011617746879999644, ""n_estimators"": 289, ""subsample"": 0.5181022545156941, ""colsample_bytree"": 0.7794483691300802, ""reg_alpha"": 0.7210037066408463, ""reg_lambda"": 0.9175942931312716, ""gamma"": 0.16185346134682774, ""scale_pos_weight"": 1.7471756138329948}",0.0
canada,2020-2024,xgboost_classifier,positive,corrected,0.0,0.539421728345632,0.11421241799905135,0.6958412311280875,0.17882908024622554,-0.2652742114052796,0.9724841138150012,1.136865925402453,1.0,0.7980908440715224,0.052893447750977485,0.3593799461925293,0.11681511544550038,0.6609788791894335,,,"{""max_depth"": 3, ""learning_rate"": 0.011617746879999644, ""n_estimators"": 289, ""subsample"": 0.5181022545156941, ""colsample_bytree"": 0.7794483691300802, ""reg_alpha"": 0.7210037066408463, ""reg_lambda"": 0.9175942931312716, ""gamma"": 0.16185346134682774, ""scale_pos_weight"": 1.7471756138329948}",0.0
canada,2020-2024,xgboost_classifier,positive,as_published,0.0,0.32416209075082314,0.0729240515426488,0.398834091391399,0.2642539006593644,-0.3876403845499794,0.5786410478386331,1.0919743672624882,1.0,0.5850633436833488,0.052893447750977485,0.3593799461925293,0.11681511544550038,0.6609788791894335,,,"{""max_depth"": 3, ""learning_rate"": 0.011617746879999644, ""n_estimators"": 289, ""subsample"": 0.5181022545156941, ""colsample_bytree"": 0.7794483691300802, ""reg_alpha"": 0.7210037066408463, ""reg_lambda"": 0.9175942931312716, ""gamma"": 0.16185346134682774, ""scale_pos_weight"": 1.7471756138329948}",0.0
canada,2020-2024,hist_gradient_boosting_classifier,top10,corrected,0.0,-0.16720410788894224,-0.04483124878566491,-0.15258631891652932,0.18648201665923417,-0.4734581947080453,-0.20851023206811398,0.9742206002125665,2.0,0.23462594432987935,0.052893447750977485,0.3593799461925293,0.11681511544550038,0.6609788791894335,,,"{""learning_rate"": 0.002053358904211633, ""max_iter"": 329, ""max_leaf_nodes"": 46, ""max_features"": 0.5789405820778953, ""min_samples_leaf"": 37, ""l2_regularization"": 0.866113343178608, ""warm_start"": true}",0.0
canada,2020-2024,hist_gradient_boosting_classifier,top10,as_published,0.0,0.915807844384046,0.17701440149416614,0.5906439776948027,0.46361061071825094,-0.6641428489388108,0.8094770204862242,1.1233984805328157,2.0,0.3370674288489841,0.052893447750977485,0.3593799461925293,0.11681511544550038,0.6609788791894335,,,"{""learning_rate"": 0.002053358904211633, ""max_iter"": 329, ""max_leaf_nodes"": 46, ""max_features"": 0.5789405820778953, ""min_samples_leaf"": 37, ""l2_regularization"": 0.866113343178608, ""warm_start"": true}",0.0
canada,2020-2024,hist_gradient_boosting_classifier,top20,corrected,0.0,-0.11581292301182078,-0.030384941137727828,-0.2248536881376224,0.11039558521513111,-0.29467067044692274,-0.31446077325404065,0.9623312040899363,2.0,0.1756882357826715,0.052893447750977485,0.3593799461925293,0.11681511544550038,0.6609788791894335,,,"{""learning_rate"": 0.002053358904211633, ""max_iter"": 329, ""max_leaf_nodes"": 46, ""max_features"": 0.5789405820778953, ""min_samples_leaf"": 37, ""l2_regularization"": 0.866113343178608, ""warm_start"": true}",0.0
canada,2020-2024,hist_gradient_boosting_classifier,top20,as_published,0.0,1.1710724232528178,0.21450596287064383,0.686434309411967,0.4081053537622671,-0.6382279078314763,0.941627030818373,1.1546037262391848,2.0,0.24975678866734607,0.052893447750977485,0.3593799461925293,0.11681511544550038,0.6609788791894335,,,"{""learning_rate"": 0.002053358904211633, ""max_iter"": 329, ""max_leaf_nodes"": 46, ""max_features"": 0.5789405820778953, ""min_samples_leaf"": 37, ""l2_regularization"": 0.866113343178608, ""warm_start"": true}",0.0
canada,2020-2024,hist_gradient_boosting_classifier,positive,corrected,0.0,-0.3101161885581306,-0.0888637329704387,-0.38175420211615924,0.19484575366410398,-0.4860429792582286,-0.5493329187294741,0.9240284605571539,1.0,0.9230926841421926,0.052893447750977485,0.3593799461925293,0.11681511544550038,0.6609788791894335,,,"{""learning_rate"": 0.002053358904211633, ""max_iter"": 329, ""max_leaf_nodes"": 46, ""max_features"": 0.5789405820778953, ""min_samples_leaf"": 37, ""l2_regularization"": 0.866113343178608, ""warm_start"": true}",0.0
canada,2020-2024,hist_gradient_boosting_classifier,positive,as_published,0.0,0.8601671019479888,0.1683500853483002,0.837888775312321,0.21362463965823725,-0.3876403845499794,1.16985686872097,1.1945028926122088,1.0,0.837843474710347,0.052893447750977485,0.3593799461925293,0.11681511544550038,0.6609788791894335,,,"{""learning_rate"": 0.002053358904211633, ""max_iter"": 329, ""max_leaf_nodes"": 46, ""max_features"": 0.5789405820778953, ""min_samples_leaf"": 37, ""l2_regularization"": 0.866113343178608, ""warm_start"": true}",0.0
canada,2020-2024,extra_trees_classifier,top10,corrected,0.0,-0.13079156875745224,-0.03452907238633596,-0.09483966093611,0.18654501140162144,-0.47345819470804495,-0.12969912283344473,0.9839234032732863,2.0,0.12759981842730309,0.052893447750977485,0.3593799461925293,0.11681511544550038,0.6609788791894335,,,"{""n_estimators"": 247, ""criterion"": ""gini"", ""max_depth"": 5, ""min_samples_split"": 10, ""min_samples_leaf"": 4, ""max_features"": ""sqrt"", ""ccp_alpha"": 0.001838817969460449, ""bootstrap"": true}",0.0
canada,2020-2024,extra_trees_classifier,top10,as_published,0.0,0.9359342975297482,0.18010203293286708,0.596168351626343,0.46414972167504565,-0.6641428489388108,0.81704518884787,1.124472359483166,2.0,0.1674939546427904,0.052893447750977485,0.3593799461925293,0.11681511544550038,0.6609788791894335,,,"{""n_estimators"": 247, ""criterion"": ""gini"", ""max_depth"": 5, ""min_samples_split"": 10, ""min_samples_leaf"": 4, ""max_features"": ""sqrt"", ""ccp_alpha"": 0.001838817969460449, ""bootstrap"": true}",0.0
canada,2020-2024,extra_trees_classifier,top20,corrected,0.0,-0.09730573798647757,-0.025336604072571323,-0.1772441747735494,0.11057555361565376,-0.2946706704469224,-0.2481174419098988,0.9702523320505513,2.0,0.10976928356310188,0.052893447750977485,0.3593799461925293,0.11681511544550038,0.6609788791894335,,,"{""n_estimators"": 247, ""criterion"": ""gini"", ""max_depth"": 5, ""min_samples_split"": 10, ""min_samples_leaf"": 4, ""max_features"": ""sqrt"", ""ccp_alpha"": 0.001838817969460449, ""bootstrap"": true}",0.0
canada,2020-2024,extra_trees_classifier,top20,as_published,0.0,1.143499696065708,0.21062076945973063,0.6784592910356484,0.4082748058779728,-0.6382279078314763,0.9301377720565008,1.1526212881244364,2.0,0.1446389589259738,0.052893447750977485,0.3593799461925293,0.11681511544550038,0.6609788791894335,,,"{""n_estimators"": 247, ""criterion"": ""gini"", ""max_depth"": 5, ""min_samples_split"": 10, ""min_samples_leaf"": 4, ""max_features"": ""sqrt"", ""ccp_alpha"": 0.001838817969460449, ""bootstrap"": true}",0.0
canada,2020-2024,extra_trees_classifier,positive,corrected,0.0,0.782052856341616,0.15585235604870595,0.8407095405429075,0.19525293616707862,-0.27973343249985283,1.2660305924612132,1.1893374347554724,1.0,0.13704474283263607,0.052893447750977485,0.3593799461925293,0.11681511544550038,0.6609788791894335,,,"{""n_estimators"": 247, ""criterion"": ""gini"", ""max_depth"": 5, ""min_samples_split"": 10, ""min_samples_leaf"": 4, ""max_features"": ""sqrt"", ""ccp_alpha"": 0.001838817969460449, ""bootstrap"": true}",0.0
canada,2020-2024,extra_trees_classifier,positive,as_published,0.0,0.5657989531665244,0.11896796960006872,0.6572465319112755,0.20320414137243847,-0.3876403845499794,0.8941790329424679,1.1495050632416774,1.0,0.20027177999003906,0.052893447750977485,0.3593799461925293,0.11681511544550038,0.6609788791894335,,,"{""n_estimators"": 247, ""criterion"": ""gini"", ""max_depth"": 5, ""min_samples_split"": 10, ""min_samples_leaf"": 4, ""max_features"": ""sqrt"", ""ccp_alpha"": 0.001838817969460449, ""bootstrap"": true}",0.0
usa,2008-2024,ridge_regressor,top10,corrected,0.0,-0.13790895150304217,-0.009238066257502675,-0.003981519863909491,0.1322117218385704,-0.4457989480583837,-0.005441601497722677,0.9993035072628748,2.0,2.6385654576289097,0.11450558414154854,0.5899992996897222,0.11080703368462919,0.6591972471709957,-0.39507894802880167,,"{""alpha"": 0.4829344834540389, ""max_iter"": 9400, ""tol"": 4.073174329888074e-05, ""solver"": ""auto""}",0.1
usa,2008-2024,ridge_regressor,top10,as_published,0.0,15.879358190947976,0.19333474726683608,0.6444004012621232,0.39734089153990026,-0.7368994658757877,0.9262427641552805,1.1346191883639387,2.0,2.833828687326242,0.11450558414154854,0.5899992996897222,0.11080703368462919,0.6591972471709957,-0.39507894802880167,,"{""alpha"": 0.4829344834540389, ""max_iter"": 9400, ""tol"": 4.073174329888074e-05, ""solver"": ""auto""}",0.0
usa,2008-2024,ridge_regressor,top20,corrected,0.0,-0.07977407737873488,-0.005186069014706418,-0.009190882548897552,0.09316122107787196,-0.3929607272836336,-0.012593538118096713,0.9984123195106376,2.0,1.9580717161358734,0.11450558414154854,0.5899992996897222,0.11080703368462919,0.6591972471709957,-0.39507894802880167,,"{""alpha"": 0.4829344834540389, ""max_iter"": 9400, ""tol"": 4.073174329888074e-05, ""solver"": ""auto""}",0.0
usa,2008-2024,ridge_regressor,top20,as_published,0.0,20.913880650301518,0.21297639541873603,0.7010145487065839,0.37785585722361903,-0.6984296955686966,1.002784634783872,1.1481388652609137,2.0,2.0680442868260993,0.11450558414154854,0.5899992996897222,0.11080703368462919,0.6591972471709957,-0.39507894802880167,,"{""alpha"": 0.4829344834540389, ""max_iter"": 9400, ""tol"": 4.073174329888074e-05, ""solver"": ""auto""}",0.0
usa,2008-2024,ridge_regressor,positive,corrected,0.0,4.150688087950592,0.10795482179565896,0.6459874185600768,0.18538101292571227,-0.3771851671874905,0.9314274978728486,1.135640362977385,1.0,0.48721817975895915,0.11450558414154854,0.5899992996897222,0.11080703368462919,0.6591972471709957,-0.39507894802880167,,"{""alpha"": 0.4829344834540389, ""max_iter"": 9400, ""tol"": 4.073174329888074e-05, ""solver"": ""auto""}",0.0
usa,2008-2024,ridge_regressor,positive,as_published,0.0,5.631548806755611,0.1256052434360031,0.6716995920511986,0.20867361169896775,-0.4101560264127212,0.9699675566861318,1.1440233342648956,1.0,0.47646715480184465,0.11450558414154854,0.5899992996897222,0.11080703368462919,0.6591972471709957,-0.39507894802880167,,"{""alpha"": 0.4829344834540389, ""max_iter"": 9400, ""tol"": 4.073174329888074e-05, ""solver"": ""auto""}",0.0
usa,2008-2024,xgboost_regressor,top10,corrected,0.0,-0.08845460660057236,-0.005775589254313096,0.02416176752581379,0.13433674521885264,-0.5787781927427227,0.03316092513538257,1.0042553251643132,2.0,2.614383573425437,0.11450558414154854,0.5899992996897222,0.11080703368462919,0.6591972471709957,-0.20457316359218544,,"{""max_depth"": 10, ""learning_rate"": 0.276829021442431, ""n_estimators"": 493, ""subsample"": 0.8719692247104591, ""colsample_bytree"": 0.9940542446575643, ""reg_alpha"": 0.006453374219829278, ""reg_lambda"": 0.0038381442337547256, ""gamma"": 0.1202684210924142, ""scale_pos_weight"": 9.876601507615167}",0.0
usa,2008-2024,xgboost_regressor,top10,as_published,0.0,15.868136610034849,0.1932851139669829,0.6473220997109939,0.39222156094785876,-0.7051208392147814,0.9286691963807163,1.1345979538724373,2.0,2.6479672865588375,0.11450558414154854,0.5899992996897222,0.11080703368462919,0.6591972471709957,-0.20457316359218544,,"{""max_depth"": 10, ""learning_rate"": 0.276829021442431, ""n_estimators"": 493, ""subsample"": 0.8719692247104591, ""colsample_bytree"": 0.9940542446575643, ""reg_alpha"": 0.006453374219829278, ""reg_lambda"": 0.0038381442337547256, ""gamma"": 0.1202684210924142, ""scale_pos_weight"": 9.876601507615167}",0.0
usa,2008-2024,xgboost_regressor,top20,corrected,0.0,0.3795538137338368,0.02032763009605909,0.25312276465995326,0.09888331801271699,-0.4445740683714816,0.3529720601436908,1.0452940076097659,2.0,1.951920700118694,0.11450558414154854,0.5899992996897222,0.11080703368462919,0.6591972471709957,-0.20457316359218544,,"{""max_depth"": 10, ""learning_rate"": 0.276829021442431, ""n_estimators"": 493, ""subsample"": 0.8719692247104591, ""colsample_bytree"": 0.9940542446575643, ""reg_alpha"": 0.006453374219829278, ""reg_lambda"": 0.0038381442337547256, ""gamma"": 0.1202684210924142, ""scale_pos_weight"": 9.876601507615167}",0.0
usa,2008-2024,xgboost_regressor,top20,as_published,0.0,16.02333499454696,0.19396883004126475,0.6583407900625166,0.3787688332164059,-0.7049417166482594,0.9418154438030147,1.1387024851422867,2.0,1.9745824053911223,0.11450558414154854,0.5899992996897222,0.11080703368462919,0.6591972471709957,-0.20457316359218544,,"{""max_depth"": 10, ""learning_rate"": 0.276829021442431, ""n_estimators"": 493, ""subsample"": 0.8719692247104591, ""colsample_bytree"": 0.9940542446575643, ""reg_alpha"": 0.006453374219829278, ""reg_lambda"": 0.0038381442337547256, ""gamma"": 0.1202684210924142, ""scale_pos_weight"": 9.876601507615167}",0.0
usa,2008-2024,xgboost_regressor,positive,corrected,0.0,-0.008467061441256862,-0.0005316670328281425,0.085762951773076,0.17703285548928527,-0.5542495996367854,0.11705060724815003,1.0171785838230627,1.0000000000000002,1.3513569755336678,0.11450558414154854,0.5899992996897222,0.11080703368462919,0.6591972471709957,-0.20457316359218544,,"{""max_depth"": 10, ""learning_rate"": 0.276829021442431, ""n_estimators"": 493, ""subsample"": 0.8719692247104591, ""colsample_bytree"": 0.9940542446575643, ""reg_alpha"": 0.006453374219829278, ""reg_lambda"": 0.0038381442337547256, ""gamma"": 0.1202684210924142, ""scale_pos_weight"": 9.876601507615167}",0.0
usa,2008-2024,xgboost_regressor,positive,as_published,0.0,6.107143424473039,0.13049176222126313,0.5418483011637454,0.32356690399476834,-0.6213698506988892,0.7825519486303325,1.13140621148901,1.0000000000000002,1.2944503470676447,0.11450558414154854,0.5899992996897222,0.11080703368462919,0.6591972471709957,-0.20457316359218544,,"{""max_depth"": 10, ""learning_rate"": 0.276829021442431, ""n_estimators"": 493, ""subsample"": 0.8719692247104591, ""colsample_bytree"": 0.9940542446575643, ""reg_alpha"": 0.006453374219829278, ""reg_lambda"": 0.0038381442337547256, ""gamma"": 0.1202684210924142, ""scale_pos_weight"": 9.876601507615167}",0.0
usa,2008-2024,ada_boost_regressor,top10,corrected,0.0,0.07437940466797466,0.004497102756597426,0.09644434778824001,0.11457513147320847,-0.33559439596576235,0.1372901078728351,1.0169290815200198,2.0,3.1002954076238654,0.11450558414154854,0.5899992996897222,0.11080703368462919,0.6591972471709957,-0.5466829804606954,,"{""n_estimators"": 433, ""learning_rate"": 0.7272107716120289, ""loss"": ""square""}",0.0
usa,2008-2024,ada_boost_regressor,top10,as_published,0.0,12.168811898274708,0.17495054741942773,0.5998506112594004,0.40944795540232376,-0.7692453619603138,0.8566008805420634,1.1266964742669008,2.0,3.025909796872245,0.11450558414154854,0.5899992996897222,0.11080703368462919,0.6591972471709957,-0.5466829804606954,,"{""n_estimators"": 433, ""learning_rate"": 0.7272107716120289, ""loss"": ""square""}",0.0
usa,2008-2024,ada_boost_regressor,top20,corrected,0.0,0.26651620771959883,0.014886707994145931,0.21868446727466903,0.08357789689870682,-0.227583725725643,0.31314462418486905,1.0385761341729514,2.0,2.340381941216854,0.11450558414154854,0.5899992996897222,0.11080703368462919,0.6591972471709957,-0.5466829804606954,,"{""n_estimators"": 433, ""learning_rate"": 0.7272107716120289, ""loss"": ""square""}",0.0
usa,2008-2024,ada_boost_regressor,top20,as_published,0.0,17.55164158854089,0.20040610026192196,0.6710628601962222,0.38062787295002587,-0.7259460929460946,0.9606830172317131,1.1416880583079334,2.0,2.2922376337680324,0.11450558414154854,0.5899992996897222,0.11080703368462919,0.6591972471709957,-0.5466829804606954,,"{""n_estimators"": 433, ""learning_rate"": 0.7272107716120289, ""loss"": ""square""}",0.0
usa,2008-2024,ada_boost_regressor,positive,corrected,0.0,0.9535298372270984,0.04277041852928565,0.320860012824604,0.18316549026709042,-0.36573488961847433,0.44309579594542864,1.0666643709527488,1.0,0.667099583222032,0.11450558414154854,0.5899992996897222,0.11080703368462919,0.6591972471709957,-0.5466829804606954,,"{""n_estimators"": 433, ""learning_rate"": 0.7272107716120289, ""loss"": ""square""}",0.0
usa,2008-2024,ada_boost_regressor,positive,as_published,0.0,9.636415277347401,0.15936092964779824,0.6656408607919341,0.2819484336312485,-0.6587125127552809,0.9799106587952944,1.1557258846480596,1.0,0.7053895750714994,0.11450558414154854,0.5899992996897222,0.11080703368462919,0.6591972471709957,-0.5466829804606954,,"{""n_estimators"": 433, ""learning_rate"": 0.7272107716120289, ""loss"": ""square""}",0.0
usa,2008-2024,extra_trees_regressor,top10,corrected,0.0,1.9278886598361389,0.06949715152508129,0.7582835872076977,0.09456379707627284,-0.19643009953439228,1.0977574148902354,1.136904270613753,2.0,0.08190019039081094,0.11450558414154854,0.5899992996897222,0.11080703368462919,0.6591972471709957,0.0019044991140816133,,"{""n_estimators"": 130, ""max_depth"": 16, ""min_samples_split"": 6, ""min_samples_leaf"": 2, ""max_features"": 0.9326192406525875, ""ccp_alpha"": 0.42083499845635813, ""bootstrap"": true}",0.0
usa,2008-2024,extra_trees_regressor,top10,as_published,0.0,22.36026311718165,0.21783496890762,0.711343606771513,0.3777436871224766,-0.6657386989507776,1.0215313077074566,1.1482540878752587,2.0,0.10047972766345772,0.11450558414154854,0.5899992996897222,0.11080703368462919,0.6591972471709957,0.0019044991140816133,,"{""n_estimators"": 130, ""max_depth"": 16, ""min_samples_split"": 6, ""min_samples_leaf"": 2, ""max_features"": 0.9326192406525875, ""ccp_alpha"": 0.42083499845635813, ""bootstrap"": true}",0.0
usa,2008-2024,extra_trees_regressor,top20,corrected,0.0,0.8749465730898887,0.04009615820223855,0.5775128163429015,0.07269010118495724,-0.16619643507802606,0.8343887661858423,1.1016280518648163,2.0,0.08093532279496521,0.11450558414154854,0.5899992996897222,0.11080703368462919,0.6591972471709957,0.0019044991140816133,,"{""n_estimators"": 130, ""max_depth"": 16, ""min_samples_split"": 6, ""min_samples_leaf"": 2, ""max_features"": 0.9326192406525875, ""ccp_alpha"": 0.42083499845635813, ""bootstrap"": true}",0.0
usa,2008-2024,extra_trees_regressor,top20,as_published,0.0,17.758034284940972,0.20123702772461716,0.6800997118295923,0.3716635852793315,-0.6989160996159279,0.9721889873710926,1.1428651174045954,2.0,0.09857072742752991,0.11450558414154854,0.5899992996897222,0.11080703368462919,0.6591972471709957,0.0019044991140816133,,"{""n_estimators"": 130, ""max_depth"": 16, ""min_samples_split"": 6, ""min_samples_leaf"": 2, ""max_features"": 0.9326192406525875, ""ccp_alpha"": 0.42083499845635813, ""bootstrap"": true}",0.0
usa,2008-2024,extra_trees_regressor,positive,corrected,0.0,4.146387797409271,0.1078969453313039,0.6448845559241532,0.1857788722093922,-0.4233888356072578,0.918219425346423,1.1350158978966896,1.0,0.040519254090436344,0.11450558414154854,0.5899992996897222,0.11080703368462919,0.6591972471709957,0.0019044991140816133,,"{""n_estimators"": 130, ""max_depth"": 16, ""min_samples_split"": 6, ""min_samples_leaf"": 2, ""max_features"": 0.9326192406525875, ""ccp_alpha"": 0.42083499845635813, ""bootstrap"": true}",0.0
usa,2008-2024,extra_trees_regressor,positive,as_published,0.0,4.593391681451941,0.1136833033786886,0.6680067325724787,0.1876744529897545,-0.41015602641272164,0.9550990704798088,1.141121722709941,1.0,0.04944542391958902,0.11450558414154854,0.5899992996897222,0.11080703368462919,0.6591972471709957,0.0019044991140816133,,"{""n_estimators"": 130, ""max_depth"": 16, ""min_samples_split"": 6, ""min_samples_leaf"": 2, ""max_features"": 0.9326192406525875, ""ccp_alpha"": 0.42083499845635813, ""bootstrap"": true}",0.0
usa,2008-2024,logistic_regression_classifier,top10,corrected,0.0,1.825745424099031,0.06712458802059995,0.7217626315591865,0.09653155011820824,-0.24784822536585616,1.036970226713968,1.130722739695479,2.0,0.5168458031543389,0.11450558414154854,0.5899992996897222,0.11080703368462919,0.6591972471709957,,,"{""tol"": 0.002760959837007188, ""C"": 45.31095311734999, ""solver"": ""saga"", ""max_iter"": 757, ""warm_start"": true, ""l1_ratio"": 0.8454293471375662}",0.0
usa,2008-2024,logistic_regression_classifier,top10,as_published,0.0,22.117838505939265,0.21704066552699564,0.710080024792026,0.3772163422264857,-0.6657386989507774,1.0189939090948843,1.147985233240203,2.0,0.5391654891615527,0.11450558414154854,0.5899992996897222,0.11080703368462919,0.6591972471709957,,,"{""tol"": 0.002760959837007188, ""C"": 45.31095311734999, ""solver"": ""saga"", ""max_iter"": 757, ""warm_start"": true, ""l1_ratio"": 0.8454293471375662}",0.0
usa,2008-2024,logistic_regression_classifier,top20,corrected,0.0,0.8179950757689747,0.03809155163443867,0.5465465271112462,0.07336736801033902,-0.1661964350780265,0.7859393742283152,1.0963181482104312,2.0,0.35050912106855886,0.11450558414154854,0.5899992996897222,0.11080703368462919,0.6591972471709957,,,"{""tol"": 0.002760959837007188, ""C"": 45.31095311734999, ""solver"": ""saga"", ""max_iter"": 757, ""warm_start"": true, ""l1_ratio"": 0.8454293471375662}",0.0
usa,2008-2024,logistic_regression_classifier,top20,as_published,0.0,17.2756961343389,0.19928151314756626,0.6762675439141126,0.37100469074932046,-0.7010653029134262,0.9659097561919058,1.1420567780715725,2.0,0.36611074142312666,0.11450558414154854,0.5899992996897222,0.11080703368462919,0.6591972471709957,,,"{""tol"": 0.002760959837007188, ""C"": 45.31095311734999, ""solver"": ""saga"", ""max_iter"": 757, ""warm_start"": true, ""l1_ratio"": 0.8454293471375662}",0.0
usa,2008-2024,logistic_regression_classifier,positive,corrected,0.0,1.4522406527215495,0.05770454244454526,0.40809428636616507,0.17528231528954075,-0.26947095693894174,0.5820436067633479,1.0859899062971325,1.0,1.0155540337307833,0.11450558414154854,0.5899992996897222,0.11080703368462919,0.6591972471709957,,,"{""tol"": 0.002760959837007188, ""C"": 45.31095311734999, ""solver"": ""saga"", ""max_iter"": 757, ""warm_start"": true, ""l1_ratio"": 0.8454293471375662}",0.0
usa,2008-2024,logistic_regression_classifier,positive,as_published,0.0,7.692588744775184,0.1448195154585834,0.6961978473430314,0.23353417812524946,-0.41015602641272153,1.0123946207687151,1.145211380633993,1.0,1.1281281113938024,0.11450558414154854,0.5899992996897222,0.11080703368462919,0.6591972471709957,,,"{""tol"": 0.002760959837007188, ""C"": 45.31095311734999, ""solver"": ""saga"", ""max_iter"": 757, ""warm_start"": true, ""l1_ratio"": 0.8454293471375662}",0.0
usa,2008-2024,xgboost_classifier,top10,corrected,0.0,1.1424011668776197,0.04880672893288596,0.520611975870932,0.10147984727113338,-0.2043435464966199,0.7510691827927541,1.0916457461797235,2.0,2.0511727151354,0.11450558414154854,0.5899992996897222,0.11080703368462919,0.6591972471709957,,,"{""max_depth"": 9, ""learning_rate"": 0.1533076857129897, ""n_estimators"": 267, ""subsample"": 0.7648004501756973, ""colsample_bytree"": 0.978891277599955, ""reg_alpha"": 0.6982997062361372, ""reg_lambda"": 0.23346230206144403, ""gamma"": 0.21855913564428742, ""scale_pos_weight"": 1.3570912799330652}",0.0
usa,2008-2024,xgboost_classifier,top10,as_published,0.0,20.598787931179814,0.21187816546772664,0.6990999044325082,0.37663241600562897,-0.6614823458426922,1.0084798030220121,1.1461726814675928,2.0,2.074293492390422,0.11450558414154854,0.5899992996897222,0.11080703368462919,0.6591972471709957,,,"{""max_depth"": 9, ""learning_rate"": 0.1533076857129897, ""n_estimators"": 267, ""subsample"": 0.7648004501756973, ""colsample_bytree"": 0.978891277599955, ""reg_alpha"": 0.6982997062361372, ""reg_lambda"": 0.23346230206144403, ""gamma"": 0.21855913564428742, ""scale_pos_weight"": 1.3570912799330652}",0.0
usa,2008-2024,xgboost_classifier,top20,corrected,0.0,0.8140260249016917,0.03794966162342561,0.5661996434919138,0.0701739843754556,-0.14429421028779132,0.8205068615365517,1.1000111427444865,2.0,1.5884548664895866,0.11450558414154854,0.5899992996897222,0.11080703368462919,0.6591972471709957,,,"{""max_depth"": 9, ""learning_rate"": 0.1533076857129897, ""n_estimators"": 267, ""subsample"": 0.7648004501756973, ""colsample_bytree"": 0.978891277599955, ""reg_alpha"": 0.6982997062361372, ""reg_lambda"": 0.23346230206144403, ""gamma"": 0.21855913564428742, ""scale_pos_weight"": 1.3570912799330652}",0.0
usa,2008-2024,xgboost_classifier,top20,as_published,0.0,15.515981570270363,0.19171158332501625,0.6567936047760189,0.3740909542580296,-0.697957059658203,0.9385614559744159,1.1378237899041594,2.0,1.6251562144429188,0.11450558414154854,0.5899992996897222,0.11080703368462919,0.6591972471709957,,,"{""max_depth"": 9, ""learning_rate"": 0.1533076857129897, ""n_estimators"": 267, ""subsample"": 0.7648004501756973, ""colsample_bytree"": 0.978891277599955, ""reg_alpha"": 0.6982997062361372, ""reg_lambda"": 0.23346230206144403, ""gamma"": 0.21855913564428742, ""scale_pos_weight"": 1.3570912799330652}",0.0
usa,2008-2024,xgboost_classifier,positive,corrected,0.0,-0.24804596377821386,-0.01767169992551021,-0.12535275806111348,0.101286059822551,-0.4988829226612841,-0.16931426995200605,0.9765153930470194,2.0,2.351176111543028,0.11450558414154854,0.5899992996897222,0.11080703368462919,0.6591972471709957,,,"{""max_depth"": 9, ""learning_rate"": 0.1533076857129897, ""n_estimators"": 267, ""subsample"": 0.7648004501756973, ""colsample_bytree"": 0.978891277599955, ""reg_alpha"": 0.6982997062361372, ""reg_lambda"": 0.23346230206144403, ""gamma"": 0.21855913564428742, ""scale_pos_weight"": 1.3570912799330652}",0.0
usa,2008-2024,xgboost_classifier,positive,as_published,0.0,11.113232164753805,0.16882670320189241,0.6063620249982786,0.3716823625319766,-0.6954073808355666,0.8658349238418066,1.1269207610862206,2.0,2.405925215740403,0.11450558414154854,0.5899992996897222,0.11080703368462919,0.6591972471709957,,,"{""max_depth"": 9, ""learning_rate"": 0.1533076857129897, ""n_estimators"": 267, ""subsample"": 0.7648004501756973, ""colsample_bytree"": 0.978891277599955, ""reg_alpha"": 0.6982997062361372, ""reg_lambda"": 0.23346230206144403, ""gamma"": 0.21855913564428742, ""scale_pos_weight"": 1.3570912799330652}",0.0
usa,2008-2024,hist_gradient_boosting_classifier,top10,corrected,0.0,2.1390348235909173,0.07416506889304819,0.8004443133613454,0.09508929341031018,-0.18114696407736797,1.166172659189445,1.144232880495576,2.0,1.2074376792340993,0.11450558414154854,0.5899992996897222,0.11080703368462919,0.6591972471709957,,,"{""learning_rate"": 0.09250256744213031, ""max_iter"": 387, ""max_leaf_nodes"": 101, ""max_features"": 0.8876351711524824, ""min_samples_leaf"": 28, ""l2_regularization"": 0.0328678381035246, ""warm_start"": true}",0.0
usa,2008-2024,hist_gradient_boosting_classifier,top10,as_published,0.0,18.255753277916533,0.20320609102207632,0.6788958060491848,0.378377085462595,-0.673727121180301,0.9730033131179707,1.141313949418816,2.0,1.256634285404274,0.11450558414154854,0.5899992996897222,0.11080703368462919,0.6591972471709957,,,"{""learning_rate"": 0.09250256744213031, ""max_iter"": 387, ""max_leaf_nodes"": 101, ""max_features"": 0.8876351711524824, ""min_samples_leaf"": 28, ""l2_regularization"": 0.0328678381035246, ""warm_start"": true}",0.0
usa,2008-2024,hist_gradient_boosting_classifier,top20,corrected,0.0,1.0349991483699,0.0454384612571439,0.6519680319373122,0.07219745421631339,-0.19411126311129812,0.9501468831625905,1.1154168168370957,2.0,0.8055179478878705,0.11450558414154854,0.5899992996897222,0.11080703368462919,0.6591972471709957,,,"{""learning_rate"": 0.09250256744213031, ""max_iter"": 387, ""max_leaf_nodes"": 101, ""max_features"": 0.8876351711524824, ""min_samples_leaf"": 28, ""l2_regularization"": 0.0328678381035246, ""warm_start"": true}",0.0
usa,2008-2024,hist_gradient_boosting_classifier,top20,as_published,0.0,16.43137673671768,0.19573893235489304,0.6665585869853576,0.37301015948683963,-0.6951616501940712,0.9541746017533659,1.139902139326836,2.0,0.8343088519899747,0.11450558414154854,0.5899992996897222,0.11080703368462919,0.6591972471709957,,,"{""learning_rate"": 0.09250256744213031, ""max_iter"": 387, ""max_leaf_nodes"": 101, ""max_features"": 0.8876351711524824, ""min_samples_leaf"": 28, ""l2_regularization"": 0.0328678381035246, ""warm_start"": true}",0.0
usa,2008-2024,hist_gradient_boosting_classifier,positive,corrected,0.0,1.4217586628208676,0.05687742840321719,0.48427697699476807,0.13240516243554493,-0.2365705226058864,0.7037864536269719,1.101074770011989,2.0,1.8472089886904384,0.11450558414154854,0.5899992996897222,0.11080703368462919,0.6591972471709957,,,"{""learning_rate"": 0.09250256744213031, ""max_iter"": 387, ""max_leaf_nodes"": 101, ""max_features"": 0.8876351711524824, ""min_samples_leaf"": 28, ""l2_regularization"": 0.0328678381035246, ""warm_start"": true}",0.0
usa,2008-2024,hist_gradient_boosting_classifier,positive,as_published,0.0,7.502538125175933,0.14323780932035923,0.5536784233945027,0.3578865867288754,-0.6585910536476501,0.7895890755959573,1.1170067595329822,2.0,1.9602109242949752,0.11450558414154854,0.5899992996897222,0.11080703368462919,0.6591972471709957,,,"{""learning_rate"": 0.09250256744213031, ""max_iter"": 387, ""max_leaf_nodes"": 101, ""max_features"": 0.8876351711524824, ""min_samples_leaf"": 28, ""l2_regularization"": 0.0328678381035246, ""warm_start"": true}",0.0
usa,2008-2024,extra_trees_classifier,top10,corrected,0.0,1.392148224759755,0.05606456503099899,0.6254101143542341,0.09440509763608373,-0.1739937874636286,0.9001610307217618,1.111275234943927,2.0,0.22922192997749466,0.11450558414154854,0.5899992996897222,0.11080703368462919,0.6591972471709957,,,"{""n_estimators"": 239, ""criterion"": ""gini"", ""max_depth"": 6, ""min_samples_split"": 9, ""min_samples_leaf"": 4, ""max_features"": ""sqrt"", ""ccp_alpha"": 0.0004176165965049997, ""bootstrap"": true}",0.0
usa,2008-2024,extra_trees_classifier,top10,as_published,0.0,21.539643242824866,0.21511423074957658,0.7053903208458409,0.3777697817453054,-0.6681484122116703,1.0126543575523697,1.1470620393399624,2.0,0.24079597967888022,0.11450558414154854,0.5899992996897222,0.11080703368462919,0.6591972471709957,,,"{""n_estimators"": 239, ""criterion"": ""gini"", ""max_depth"": 6, ""min_samples_split"": 9, ""min_samples_leaf"": 4, ""max_features"": ""sqrt"", ""ccp_alpha"": 0.0004176165965049997, ""bootstrap"": true}",0.0
usa,2008-2024,extra_trees_classifier,top20,corrected,0.0,0.7843680852226855,0.03688010964717403,0.5359833468192078,0.07251697608431001,-0.16619643507802662,0.7724060735105381,1.0939819978144831,2.0,0.18260378115668674,0.11450558414154854,0.5899992996897222,0.11080703368462919,0.6591972471709957,,,"{""n_estimators"": 239, ""criterion"": ""gini"", ""max_depth"": 6, ""min_samples_split"": 9, ""min_samples_leaf"": 4, ""max_features"": ""sqrt"", ""ccp_alpha"": 0.0004176165965049997, ""bootstrap"": true}",0.0
usa,2008-2024,extra_trees_classifier,top20,as_published,0.0,17.838033444833908,0.20155679759478962,0.6808277156302264,0.37165231383709957,-0.6996766219557553,0.9732072618983503,1.143067270186348,2.0,0.195628418172383,0.11450558414154854,0.5899992996897222,0.11080703368462919,0.6591972471709957,,,"{""n_estimators"": 239, ""criterion"": ""gini"", ""max_depth"": 6, ""min_samples_split"": 9, ""min_samples_leaf"": 4, ""max_features"": ""sqrt"", ""ccp_alpha"": 0.0004176165965049997, ""bootstrap"": true}",0.0
usa,2008-2024,extra_trees_classifier,positive,corrected,0.0,-0.23387920399947826,-0.01652431934405385,0.0015997480339268212,0.18406078243586318,-0.5043273565535601,0.0021987884324320248,1.0003156862846612,1.0,0.7105572746744517,0.11450558414154854,0.5899992996897222,0.11080703368462919,0.6591972471709957,,,"{""n_estimators"": 239, ""criterion"": ""gini"", ""max_depth"": 6, ""min_samples_split"": 9, ""min_samples_leaf"": 4, ""max_features"": ""sqrt"", ""ccp_alpha"": 0.0004176165965049997, ""bootstrap"": true}",0.0
usa,2008-2024,extra_trees_classifier,positive,as_published,0.0,4.10341359951832,0.10731606357828527,0.6163975112283112,0.19696925420225225,-0.4385841627543863,0.8805001898596732,1.130276924534223,1.0,0.7765944795414003,0.11450558414154854,0.5899992996897222,0.11080703368462919,0.6591972471709957,,,"{""n_estimators"": 239, ""criterion"": ""gini"", ""max_depth"": 6, ""min_samples_split"": 9, ""min_samples_leaf"": 4, ""max_features"": ""sqrt"", ""ccp_alpha"": 0.0004176165965049997, ""bootstrap"": true}",0.0
usa,2008-2012,ridge_regressor,top10,corrected,0.0,-0.2712880742748147,-0.0762206124157293,-0.46597907055458854,0.1465302759058787,-0.43922204380533447,-0.6293005257422659,0.924520950561179,2.0,2.626830940949252,-0.004481511102800151,0.13320985638170402,0.053934626953052955,0.33219320367104455,-0.4400725228290073,,"{""alpha"": 0.4040638127771271, ""max_iter"": 7642, ""tol"": 0.00019066681314896497, ""solver"": ""lbfgs""}",0.0
usa,2008-2012,ridge_regressor,top10,as_published,0.0,0.3100772976411508,0.07000194745821586,0.4005671508277621,0.5682817374944356,-0.713356221366918,0.586505615605874,1.079575564450247,2.0,2.8606052563254685,-0.004481511102800151,0.13320985638170402,0.053934626953052955,0.33219320367104455,-0.4400725228290073,,"{""alpha"": 0.4040638127771271, ""max_iter"": 7642, ""tol"": 0.00019066681314896497, ""solver"": ""lbfgs""}",0.0
usa,2008-2012,ridge_regressor,top20,corrected,0.0,-0.10666662283769535,-0.027861391760733545,-0.21814631326274916,0.10421176114943863,-0.2613718211094167,-0.297145985743982,0.9632685536371207,2.0,1.9714900131069717,-0.004481511102800151,0.13320985638170402,0.053934626953052955,0.33219320367104455,-0.4400725228290073,,"{""alpha"": 0.4040638127771271, ""max_iter"": 7642, ""tol"": 0.00019066681314896497, ""solver"": ""lbfgs""}",0.0
usa,2008-2012,ridge_regressor,top20,as_published,0.0,0.21582983594460647,0.050175441399918475,0.35432571576855465,0.5254038871994533,-0.707769451396878,0.5118309875642408,1.0700312717204705,2.0,2.1518418070294203,-0.004481511102800151,0.13320985638170402,0.053934626953052955,0.33219320367104455,-0.4400725228290073,,"{""alpha"": 0.4040638127771271, ""max_iter"": 7642, ""tol"": 0.00019066681314896497, ""solver"": ""lbfgs""}",0.0
usa,2008-2012,ridge_regressor,positive,corrected,0.0,-0.12202983833099601,-0.032076877154217365,-0.02165152492073681,0.23459997961216142,-0.5193619521818702,-0.03056274886090639,0.9959231156515396,1.0,0.5650113037620895,-0.004481511102800151,0.13320985638170402,0.053934626953052955,0.33219320367104455,-0.4400725228290073,,"{""alpha"": 0.4040638127771271, ""max_iter"": 7642, ""tol"": 0.00019066681314896497, ""solver"": ""lbfgs""}",0.0
usa,2008-2012,ridge_regressor,positive,as_published,0.0,0.3159938396321669,0.07121046958766386,0.3908275887423138,0.26517107314012384,-0.41015602641272164,0.5628103649883685,1.0769512227010074,1.0,0.6201588598016602,-0.004481511102800151,0.13320985638170402,0.053934626953052955,0.33219320367104455,-0.4400725228290073,,"{""alpha"": 0.4040638127771271, ""max_iter"": 7642, ""tol"": 0.00019066681314896497, ""solver"": ""lbfgs""}",0.0
usa,2008-2012,xgboost_regressor,top10,corrected,0.0,0.5033240508788308,0.10752675850304438,0.7216627877880183,0.15848981421201466,-0.24986566576289526,1.065807963752341,1.1345776729965091,2.0,2.5468021382462367,-0.004481511102800151,0.13320985638170402,0.053934626953052955,0.33219320367104455,-0.24781903337001995,,"{""max_depth"": 4, ""learning_rate"": 0.24809416142137464, ""n_estimators"": 113, ""subsample"": 0.5018425562834148, ""colsample_bytree"": 0.7083342063584583, ""reg_alpha"": 0.6709246817198475, ""reg_lambda"": 0.45637663715534216, ""gamma"": 0.09639554833868139, ""scale_pos_weight"": 4.5138449192420955}",0.0
usa,2008-2012,xgboost_regressor,top10,as_published,0.0,0.18361843048775772,0.04313517465790251,0.3604121476338403,0.5770985606527863,-0.7626545227406997,0.5208697448062575,1.0711214397165707,2.0,2.609430825307986,-0.004481511102800151,0.13320985638170402,0.053934626953052955,0.33219320367104455,-0.24781903337001995,,"{""max_depth"": 4, ""learning_rate"": 0.24809416142137464, ""n_estimators"": 113, ""subsample"": 0.5018425562834148, ""colsample_bytree"": 0.7083342063584583, ""reg_alpha"": 0.6709246817198475, ""reg_lambda"": 0.45637663715534216, ""gamma"": 0.09639554833868139, ""scale_pos_weight"": 4.5138449192420955}",0.0
usa,2008-2012,xgboost_regressor,top20,corrected,0.0,0.36984861677668945,0.08202787394553868,0.7955629635944834,0.10584502158799225,-0.14140773412361818,1.1583821064059867,1.1445280146939054,2.0,1.9816760681028385,-0.004481511102800151,0.13320985638170402,0.053934626953052955,0.33219320367104455,-0.24781903337001995,,"{""max_depth"": 4, ""learning_rate"": 0.24809416142137464, ""n_estimators"": 113, ""subsample"": 0.5018425562834148, ""colsample_bytree"": 0.7083342063584583, ""reg_alpha"": 0.6709246817198475, ""reg_lambda"": 0.45637663715534216, ""gamma"": 0.09639554833868139, ""scale_pos_weight"": 4.5138449192420955}",0.0
usa,2008-2012,xgboost_regressor,top20,as_published,0.0,0.11865461959495183,0.02848758704121468,0.3161863906787691,0.5285317445251724,-0.7399376593783658,0.4547387540437173,1.0625907927761997,2.0,1.9908952513083913,-0.004481511102800151,0.13320985638170402,0.053934626953052955,0.33219320367104455,-0.24781903337001995,,"{""max_depth"": 4, ""learning_rate"": 0.24809416142137464, ""n_estimators"": 113, ""subsample"": 0.5018425562834148, ""colsample_bytree"": 0.7083342063584583, ""reg_alpha"": 0.6709246817198475, ""reg_lambda"": 0.45637663715534216, ""gamma"": 0.09639554833868139, ""scale_pos_weight"": 4.5138449192420955}",0.0
usa,2008-2012,xgboost_regressor,positive,corrected,0.0,-0.11700857442389045,-0.030693061725498016,-0.04070626176792923,0.21176840934820756,-0.3399350307407877,-0.055671478045108906,0.9922715556243192,1.0000000000000002,1.3630988761752072,-0.004481511102800151,0.13320985638170402,0.053934626953052955,0.33219320367104455,-0.24781903337001995,,"{""max_depth"": 4, ""learning_rate"": 0.24809416142137464, ""n_estimators"": 113, ""subsample"": 0.5018425562834148, ""colsample_bytree"": 0.7083342063584583, ""reg_alpha"": 0.6709246817198475, ""reg_lambda"": 0.45637663715534216, ""gamma"": 0.09639554833868139, ""scale_pos_weight"": 4.5138449192420955}",0.0
usa,2008-2012,xgboost_regressor,positive,as_published,0.0,0.1412014982753398,0.03364186423573545,0.2944384989633365,0.4431421218958216,-0.6681691786097279,0.4276084102198844,1.0636308769152583,1.0000000000000002,1.3440582381261135,-0.004481511102800151,0.13320985638170402,0.053934626953052955,0.33219320367104455,-0.24781903337001995,,"{""max_depth"": 4, ""learning_rate"": 0.24809416142137464, ""n_estimators"": 113, ""subsample"": 0.5018425562834148, ""colsample_bytree"": 0.7083342063584583, ""reg_alpha"": 0.6709246817198475, ""reg_lambda"": 0.45637663715534216, ""gamma"": 0.09639554833868139, ""scale_pos_weight"": 4.5138449192420955}",0.0
usa,2008-2012,ada_boost_regressor,top10,corrected,0.0,0.26967002418514063,0.061637023076945185,0.5243611715072577,0.1297624986185532,-0.1441853962165358,0.7684340605501985,1.092583975631608,2.0,3.1901159996411117,-0.004481511102800151,0.13320985638170402,0.053934626953052955,0.33219320367104455,-0.45664872382789884,,"{""n_estimators"": 354, ""learning_rate"": 0.8439190132440547, ""loss"": ""square""}",0.0
usa,2008-2012,ada_boost_regressor,top10,as_published,0.0,0.4601998663279767,0.09948080138478921,0.44401886544441077,0.5358718564660666,-0.7217677802740599,0.63977681731917,1.088786972964746,2.0,3.1210613368664912,-0.004481511102800151,0.13320985638170402,0.053934626953052955,0.33219320367104455,-0.45664872382789884,,"{""n_estimators"": 354, ""learning_rate"": 0.8439190132440547, ""loss"": ""square""}",0.0
usa,2008-2012,ada_boost_regressor,top20,corrected,0.0,0.2901982380620982,0.06591121865350247,0.7081635572837808,0.09643639799612924,-0.12788644209216504,1.0167611374753935,1.1279098215781027,2.0,2.3776930180964766,-0.004481511102800151,0.13320985638170402,0.053934626953052955,0.33219320367104455,-0.45664872382789884,,"{""n_estimators"": 354, ""learning_rate"": 0.8439190132440547, ""loss"": ""square""}",0.0
usa,2008-2012,ada_boost_regressor,top20,as_published,0.0,0.29109106804766616,0.06609595547368086,0.38194351609891014,0.5215188624308023,-0.6963319966147948,0.5526121765031029,1.075163757398054,2.0,2.234143332190459,-0.004481511102800151,0.13320985638170402,0.053934626953052955,0.33219320367104455,-0.45664872382789884,,"{""n_estimators"": 354, ""learning_rate"": 0.8439190132440547, ""loss"": ""square""}",0.0
usa,2008-2012,ada_boost_regressor,positive,corrected,0.0,-0.019077756534776613,-0.0048138060680096295,0.12978558262683906,0.29092641249901746,-0.5937183900456937,0.1779692351712244,1.0287101216400287,1.0000000000000002,1.219455330449983,-0.004481511102800151,0.13320985638170402,0.053934626953052955,0.33219320367104455,-0.45664872382789884,,"{""n_estimators"": 354, ""learning_rate"": 0.8439190132440547, ""loss"": ""square""}",0.0
usa,2008-2012,ada_boost_regressor,positive,as_published,0.0,0.268951114564026,0.06148640248245507,0.3457777339869284,0.3422598228133767,-0.532135895512689,0.4851651722842106,1.068685117796595,1.0000000000000002,1.124012937465361,-0.004481511102800151,0.13320985638170402,0.053934626953052955,0.33219320367104455,-0.45664872382789884,,"{""n_estimators"": 354, ""learning_rate"": 0.8439190132440547, ""loss"": ""square""}",0.0
usa,2008-2012,extra_trees_regressor,top10,corrected,0.0,0.3140794026600704,0.07081987014398083,0.6944305297258657,0.10638015882893032,-0.1519353635567402,1.0357919714814923,1.124034374285764,2.0,0.0943266984762388,-0.004481511102800151,0.13320985638170402,0.053934626953052955,0.33219320367104455,-0.0021721730351430993,,"{""n_estimators"": 130, ""max_depth"": 16, ""min_samples_split"": 6, ""min_samples_leaf"": 2, ""max_features"": 0.9326192406525875, ""ccp_alpha"": 0.42083499845635813, ""bootstrap"": true}",0.0
usa,2008-2012,extra_trees_regressor,top10,as_published,0.0,0.5172234513007667,0.11008317215373653,0.4577480135479041,0.5085318418754828,-0.6657386989507776,0.6637899141085704,1.091813538769366,2.0,0.11312805696229557,-0.004481511102800151,0.13320985638170402,0.053934626953052955,0.33219320367104455,-0.0021721730351430993,,"{""n_estimators"": 130, ""max_depth"": 16, ""min_samples_split"": 6, ""min_samples_leaf"": 2, ""max_features"": 0.9326192406525875, ""ccp_alpha"": 0.42083499845635813, ""bootstrap"": true}",0.0
usa,2008-2012,extra_trees_regressor,top20,corrected,0.0,0.20356340720870536,0.04751110867787012,0.5671018872009284,0.08850769229949841,-0.16619643507802606,0.821441238907884,1.0986018822149841,2.0,0.09377597399939058,-0.004481511102800151,0.13320985638170402,0.053934626953052955,0.33219320367104455,-0.0021721730351430993,,"{""n_estimators"": 130, ""max_depth"": 16, ""min_samples_split"": 6, ""min_samples_leaf"": 2, ""max_features"": 0.9326192406525875, ""ccp_alpha"": 0.42083499845635813, ""bootstrap"": true}",0.0
usa,2008-2012,extra_trees_regressor,top20,as_published,0.0,0.21611911279655383,0.05023803021450646,0.34803327236206605,0.5044191619909395,-0.6989160996159279,0.5012999026435246,1.0685925450746752,2.0,0.11076694569174178,-0.004481511102800151,0.13320985638170402,0.053934626953052955,0.33219320367104455,-0.0021721730351430993,,"{""n_estimators"": 130, ""max_depth"": 16, ""min_samples_split"": 6, ""min_samples_leaf"": 2, ""max_features"": 0.9326192406525875, ""ccp_alpha"": 0.42083499845635813, ""bootstrap"": true}",0.0
usa,2008-2012,extra_trees_regressor,positive,corrected,0.0,0.18775380447458279,0.0440469934316996,0.29564162678288586,0.25506120674387867,-0.4233888356072578,0.42292324040892293,1.0576901448661382,1.0,0.04714895977577503,-0.004481511102800151,0.13320985638170402,0.053934626953052955,0.33219320367104455,-0.0021721730351430993,,"{""n_estimators"": 130, ""max_depth"": 16, ""min_samples_split"": 6, ""min_samples_leaf"": 2, ""max_features"": 0.9326192406525875, ""ccp_alpha"": 0.42083499845635813, ""bootstrap"": true}",0.0
usa,2008-2012,extra_trees_regressor,positive,as_published,0.0,0.23852229598162444,0.05505171393201436,0.3359600224682312,0.256914132386613,-0.41015602641272164,0.48384414448677027,1.066278976768184,1.0,0.056365293975018715,-0.004481511102800151,0.13320985638170402,0.053934626953052955,0.33219320367104455,-0.0021721730351430993,,"{""n_estimators"": 130, ""max_depth"": 16, ""min_samples_split"": 6, ""min_samples_leaf"": 2, ""max_features"": 0.9326192406525875, ""ccp_alpha"": 0.42083499845635813, ""bootstrap"": true}",0.0
usa,2008-2012,logistic_regression_classifier,top10,corrected,0.0,0.35894207494952957,0.07986323470160395,0.7733013606231776,0.1063750407263315,-0.15799686085399,1.154126640640671,1.1379705493066357,2.0,0.6178687170937125,-0.004481511102800151,0.13320985638170402,0.053934626953052955,0.33219320367104455,,,"{""tol"": 0.002589158990502015, ""C"": 31.521069932360394, ""solver"": ""saga"", ""max_iter"": 648, ""warm_start"": true, ""l1_ratio"": 0.9955132340071936}",0.0
usa,2008-2012,logistic_regression_classifier,top10,as_published,0.0,0.4256488785604291,0.09290488909041161,0.4277517298065112,0.5122492762151486,-0.6705232074313718,0.6200195645013199,1.085541439663452,2.0,0.6531259943412855,-0.004481511102800151,0.13320985638170402,0.053934626953052955,0.33219320367104455,,,"{""tol"": 0.002589158990502015, ""C"": 31.521069932360394, ""solver"": ""saga"", ""max_iter"": 648, ""warm_start"": true, ""l1_ratio"": 0.9955132340071936}",0.0
usa,2008-2012,logistic_regression_classifier,top20,corrected,0.0,0.16208770759780244,0.03834884925650184,0.469839543638385,0.08811046466178261,-0.16619643507802673,0.6792513150983978,1.0811564896842816,2.0,0.41532264768575927,-0.004481511102800151,0.13320985638170402,0.053934626953052955,0.33219320367104455,,,"{""tol"": 0.002589158990502015, ""C"": 31.521069932360394, ""solver"": ""saga"", ""max_iter"": 648, ""warm_start"": true, ""l1_ratio"": 0.9955132340071936}",0.0
usa,2008-2012,logistic_regression_classifier,top20,as_published,0.0,0.180682007689414,0.042486264881763214,0.33418613803654423,0.5068192749330167,-0.7068166879692134,0.48129876155583257,1.0657010358667705,2.0,0.516470952865573,-0.004481511102800151,0.13320985638170402,0.053934626953052955,0.33219320367104455,,,"{""tol"": 0.002589158990502015, ""C"": 31.521069932360394, ""solver"": ""saga"", ""max_iter"": 648, ""warm_start"": true, ""l1_ratio"": 0.9955132340071936}",0.0
usa,2008-2012,logistic_regression_classifier,positive,corrected,0.0,0.14662445839312332,0.034870165620393356,0.26306718124696127,0.23736838937668242,-0.25397618061189786,0.3741189172492949,1.0535920465606208,1.0000000000000002,1.0701545326267548,-0.004481511102800151,0.13320985638170402,0.053934626953052955,0.33219320367104455,,,"{""tol"": 0.002589158990502015, ""C"": 31.521069932360394, ""solver"": ""saga"", ""max_iter"": 648, ""warm_start"": true, ""l1_ratio"": 0.9955132340071936}",0.0
usa,2008-2012,logistic_regression_classifier,positive,as_published,0.0,0.11069204438069136,0.02664871714229089,0.23729208323719653,0.301642938062801,-0.4667728207017545,0.33977778936383607,1.0450708678776426,1.0,1.2550362228509624,-0.004481511102800151,0.13320985638170402,0.053934626953052955,0.33219320367104455,,,"{""tol"": 0.002589158990502015, ""C"": 31.521069932360394, ""solver"": ""saga"", ""max_iter"": 648, ""warm_start"": true, ""l1_ratio"": 0.9955132340071936}",0.0
usa,2008-2012,xgboost_classifier,top10,corrected,0.0,0.31673793355363045,0.07136217092465968,0.6404031709130656,0.11821488550688689,-0.1739857531902832,0.9458026346999026,1.1140175724006356,2.0,2.0706636653037576,-0.004481511102800151,0.13320985638170402,0.053934626953052955,0.33219320367104455,,,"{""max_depth"": 7, ""learning_rate"": 0.19933831658756374, ""n_estimators"": 225, ""subsample"": 0.9556927990568818, ""colsample_bytree"": 0.8572759606153622, ""reg_alpha"": 0.8841905639606866, ""reg_lambda"": 0.6514703403871114, ""gamma"": 0.024787286004192974, ""scale_pos_weight"": 3.9337659354896757}",0.0
usa,2008-2012,xgboost_classifier,top10,as_published,0.0,0.5396417713902575,0.11416966672577722,0.46451373698994936,0.5047155461569285,-0.653299295721874,0.6740637688213758,1.0935404962594812,2.0,1.9214355581035503,-0.004481511102800151,0.13320985638170402,0.053934626953052955,0.33219320367104455,,,"{""max_depth"": 7, ""learning_rate"": 0.19933831658756374, ""n_estimators"": 225, ""subsample"": 0.9556927990568818, ""colsample_bytree"": 0.8572759606153622, ""reg_alpha"": 0.8841905639606866, ""reg_lambda"": 0.6514703403871114, ""gamma"": 0.024787286004192974, ""scale_pos_weight"": 3.9337659354896757}",0.0
usa,2008-2012,xgboost_classifier,top20,corrected,0.0,0.055537726951064625,0.013632472575696886,0.20258230985453837,0.08406637753455354,-0.13845961191575873,0.2864750569172072,1.03469893970615,2.0,1.6142086644145068,-0.004481511102800151,0.13320985638170402,0.053934626953052955,0.33219320367104455,,,"{""max_depth"": 7, ""learning_rate"": 0.19933831658756374, ""n_estimators"": 225, ""subsample"": 0.9556927990568818, ""colsample_bytree"": 0.8572759606153622, ""reg_alpha"": 0.8841905639606866, ""reg_lambda"": 0.6514703403871114, ""gamma"": 0.024787286004192974, ""scale_pos_weight"": 3.9337659354896757}",0.0
usa,2008-2012,xgboost_classifier,top20,as_published,0.0,0.07769886759761224,0.0189223144427757,0.2878320927905684,0.5031613980645613,-0.718827689859368,0.4127238267325635,1.0563270844489383,2.0,1.4110883243345351,-0.004481511102800151,0.13320985638170402,0.053934626953052955,0.33219320367104455,,,"{""max_depth"": 7, ""learning_rate"": 0.19933831658756374, ""n_estimators"": 225, ""subsample"": 0.9556927990568818, ""colsample_bytree"": 0.8572759606153622, ""reg_alpha"": 0.8841905639606866, ""reg_lambda"": 0.6514703403871114, ""gamma"": 0.024787286004192974, ""scale_pos_weight"": 3.9337659354896757}",0.0
usa,2008-2012,xgboost_classifier,positive,corrected,0.0,-0.23842695544894732,-0.06595662794012314,-0.365581021124445,0.15376566352970916,-0.472587279570427,-0.5142476604298744,0.9275140535658669,2.0,2.4767721384133843,-0.004481511102800151,0.13320985638170402,0.053934626953052955,0.33219320367104455,,,"{""max_depth"": 7, ""learning_rate"": 0.19933831658756374, ""n_estimators"": 225, ""subsample"": 0.9556927990568818, ""colsample_bytree"": 0.8572759606153622, ""reg_alpha"": 0.8841905639606866, ""reg_lambda"": 0.6514703403871114, ""gamma"": 0.024787286004192974, ""scale_pos_weight"": 3.9337659354896757}",0.0
usa,2008-2012,xgboost_classifier,positive,as_published,0.0,0.16373112155563407,0.03871651572309376,0.3382425345103803,0.5380346958251231,-0.6938426188262934,0.4932878842835267,1.0706475417570909,2.0,2.450359352923847,-0.004481511102800151,0.13320985638170402,0.053934626953052955,0.33219320367104455,,,"{""max_depth"": 7, ""learning_rate"": 0.19933831658756374, ""n_estimators"": 225, ""subsample"": 0.9556927990568818, ""colsample_bytree"": 0.8572759606153622, ""reg_alpha"": 0.8841905639606866, ""reg_lambda"": 0.6514703403871114, ""gamma"": 0.024787286004192974, ""scale_pos_weight"": 3.9337659354896757}",0.0
usa,2008-2012,hist_gradient_boosting_classifier,top10,corrected,0.0,0.43962991564032206,0.09558006286178333,0.8440781066694625,0.11574634337950343,-0.09190017600122913,1.309148093786657,1.1553286458394434,2.0,1.6678607010692745,-0.004481511102800151,0.13320985638170402,0.053934626953052955,0.33219320367104455,,,"{""learning_rate"": 0.055440417738012115, ""max_iter"": 402, ""max_leaf_nodes"": 96, ""max_features"": 0.8440027723419239, ""min_samples_leaf"": 31, ""l2_regularization"": 0.5041471886697082, ""warm_start"": false}",0.0
usa,2008-2012,hist_gradient_boosting_classifier,top10,as_published,0.0,0.18865962101374745,0.04424640138871183,0.3357010826721376,0.49988031108285086,-0.7105651404484685,0.4813327353300291,1.065237832118386,2.0,1.8215283304831411,-0.004481511102800151,0.13320985638170402,0.053934626953052955,0.33219320367104455,,,"{""learning_rate"": 0.055440417738012115, ""max_iter"": 402, ""max_leaf_nodes"": 96, ""max_features"": 0.8440027723419239, ""min_samples_leaf"": 31, ""l2_regularization"": 0.5041471886697082, ""warm_start"": false}",0.0
usa,2008-2012,hist_gradient_boosting_classifier,top20,corrected,0.0,0.10213666205128602,0.024661900531125713,0.3227975026337405,0.08694258124987721,-0.104620693373496,0.4665063965645268,1.0566027849590256,2.0,1.3871359453913765,-0.004481511102800151,0.13320985638170402,0.053934626953052955,0.33219320367104455,,,"{""learning_rate"": 0.055440417738012115, ""max_iter"": 402, ""max_leaf_nodes"": 96, ""max_features"": 0.8440027723419239, ""min_samples_leaf"": 31, ""l2_regularization"": 0.5041471886697082, ""warm_start"": false}",0.0
usa,2008-2012,hist_gradient_boosting_classifier,top20,as_published,0.0,0.13521529160643864,0.0322808970762376,0.3161128417962867,0.5100675157320209,-0.7105562017637692,0.45436956306353043,1.062025046991113,2.0,1.44639873917435,-0.004481511102800151,0.13320985638170402,0.053934626953052955,0.33219320367104455,,,"{""learning_rate"": 0.055440417738012115, ""max_iter"": 402, ""max_leaf_nodes"": 96, ""max_features"": 0.8440027723419239, ""min_samples_leaf"": 31, ""l2_regularization"": 0.5041471886697082, ""warm_start"": false}",0.0
usa,2008-2012,hist_gradient_boosting_classifier,positive,corrected,0.0,-0.2117071133081998,-0.05785280887442945,-0.2970943118920852,0.15778809965068677,-0.3987224338528781,-0.38671503871198076,0.9430729462436429,2.0,2.254651988862059,-0.004481511102800151,0.13320985638170402,0.053934626953052955,0.33219320367104455,,,"{""learning_rate"": 0.055440417738012115, ""max_iter"": 402, ""max_leaf_nodes"": 96, ""max_features"": 0.8440027723419239, ""min_samples_leaf"": 31, ""l2_regularization"": 0.5041471886697082, ""warm_start"": false}",0.0
usa,2008-2012,hist_gradient_boosting_classifier,positive,as_published,0.0,0.09487786583092483,0.02296710570139826,0.27242119282427996,0.44651621706711453,-0.641696070197314,0.39198793944734595,1.0548146699188272,2.0,2.290455037378094,-0.004481511102800151,0.13320985638170402,0.053934626953052955,0.33219320367104455,,,"{""learning_rate"": 0.055440417738012115, ""max_iter"": 402, ""max_leaf_nodes"": 96, ""max_features"": 0.8440027723419239, ""min_samples_leaf"": 31, ""l2_regularization"": 0.5041471886697082, ""warm_start"": false}",0.0
usa,2008-2012,extra_trees_classifier,top10,corrected,0.0,0.3210822417890482,0.07224658172236942,0.7068292028362803,0.10639492341800146,-0.1519353635567402,1.0539696877085016,1.126274880542622,2.0,0.15261367422313965,-0.004481511102800151,0.13320985638170402,0.053934626953052955,0.33219320367104455,,,"{""n_estimators"": 265, ""criterion"": ""gini"", ""max_depth"": 20, ""min_samples_split"": 10, ""min_samples_leaf"": 5, ""max_features"": ""sqrt"", ""ccp_alpha"": 0.0019190721168773628, ""bootstrap"": true}",0.0
usa,2008-2012,extra_trees_classifier,top10,as_published,0.0,0.5139365003711738,0.10948021732267721,0.45667957659294434,0.5084535457565293,-0.6657386989507776,0.6620509645693106,1.0916974396612187,2.0,0.1995344832482949,-0.004481511102800151,0.13320985638170402,0.053934626953052955,0.33219320367104455,,,"{""n_estimators"": 265, ""criterion"": ""gini"", ""max_depth"": 20, ""min_samples_split"": 10, ""min_samples_leaf"": 5, ""max_features"": ""sqrt"", ""ccp_alpha"": 0.0019190721168773628, ""bootstrap"": true}",0.0
usa,2008-2012,extra_trees_classifier,top20,corrected,0.0,0.19000580856817817,0.04454254305429406,0.5370299525278205,0.08813326065664635,-0.16619643507802606,0.7753279515131679,1.0932156135700344,2.0,0.12668722085296513,-0.004481511102800151,0.13320985638170402,0.053934626953052955,0.33219320367104455,,,"{""n_estimators"": 265, ""criterion"": ""gini"", ""max_depth"": 20, ""min_samples_split"": 10, ""min_samples_leaf"": 5, ""max_features"": ""sqrt"", ""ccp_alpha"": 0.0019190721168773628, ""bootstrap"": true}",0.0
usa,2008-2012,extra_trees_classifier,top20,as_published,0.0,0.2178394411704878,0.050610015347632764,0.34869221057812266,0.5042925714769408,-0.6989160996159279,0.5023265230585907,1.0687580247919604,2.0,0.16004960982959715,-0.004481511102800151,0.13320985638170402,0.053934626953052955,0.33219320367104455,,,"{""n_estimators"": 265, ""criterion"": ""gini"", ""max_depth"": 20, ""min_samples_split"": 10, ""min_samples_leaf"": 5, ""max_features"": ""sqrt"", ""ccp_alpha"": 0.0019190721168773628, ""bootstrap"": true}",0.0
usa,2008-2012,extra_trees_classifier,positive,corrected,0.0,-0.24864937877648396,-0.06911336404579904,-0.15353496410697143,0.2545534935011204,-0.4759972780457844,-0.21528405027652334,0.9711413733765157,1.0,0.6123103664329133,-0.004481511102800151,0.13320985638170402,0.053934626953052955,0.33219320367104455,,,"{""n_estimators"": 265, ""criterion"": ""gini"", ""max_depth"": 20, ""min_samples_split"": 10, ""min_samples_leaf"": 5, ""max_features"": ""sqrt"", ""ccp_alpha"": 0.0019190721168773628, ""bootstrap"": true}",0.0
usa,2008-2012,extra_trees_classifier,positive,as_published,0.0,0.18626113321263715,0.043718145495935445,0.29378992751289446,0.25877955585258094,-0.41015602641272164,0.42195298290996813,1.0575255056035697,1.0,0.7637243693438246,-0.004481511102800151,0.13320985638170402,0.053934626953052955,0.33219320367104455,,,"{""n_estimators"": 265, ""criterion"": ""gini"", ""max_depth"": 20, ""min_samples_split"": 10, ""min_samples_leaf"": 5, ""max_features"": ""sqrt"", ""ccp_alpha"": 0.0019190721168773628, ""bootstrap"": true}",0.0
usa,2012-2020,ridge_regressor,top10,corrected,0.0,-0.14388636053373738,-0.019251258691774686,-0.13256808719379523,0.10507860838804478,-0.3358503162752633,-0.1804242614658012,0.9777732665029389,2.0,2.7101086123663674,0.16735969620516333,1.0863154542739573,0.14213180043236595,1.1448326618130467,-0.13988621909940407,,"{""alpha"": 0.1208760785718262, ""max_iter"": 8385, ""tol"": 0.0003644256277757866, ""solver"": ""auto""}",0.1
usa,2012-2020,ridge_regressor,top10,as_published,0.0,5.919186986801907,0.2738397713941745,1.06244120052184,0.2600525166088649,-0.3336209836445828,1.5131138709919998,1.2052305956538993,2.0,2.8680175273317365,0.16735969620516333,1.0863154542739573,0.14213180043236595,1.1448326618130467,-0.13988621909940407,,"{""alpha"": 0.1208760785718262, ""max_iter"": 8385, ""tol"": 0.0003644256277757866, ""solver"": ""auto""}",0.0
usa,2012-2020,ridge_regressor,top20,corrected,0.0,-0.11486958559167437,-0.015152243092626971,-0.17539901129304522,0.07224455401732775,-0.27357870446025,-0.2388486334738669,0.9708524192095539,2.0,1.9938881297418247,0.16735969620516333,1.0863154542739573,0.14213180043236595,1.1448326618130467,-0.13988621909940407,,"{""alpha"": 0.1208760785718262, ""max_iter"": 8385, ""tol"": 0.0003644256277757866, ""solver"": ""auto""}",0.0
usa,2012-2020,ridge_regressor,top20,as_published,0.0,7.127976073337802,0.29976460538642224,1.1791264092802587,0.249059622176906,-0.30358426793486915,1.6844318987030036,1.2334317978634892,2.0,2.122193860004437,0.16735969620516333,1.0863154542739573,0.14213180043236595,1.1448326618130467,-0.13988621909940407,,"{""alpha"": 0.1208760785718262, ""max_iter"": 8385, ""tol"": 0.0003644256277757866, ""solver"": ""auto""}",0.0
usa,2012-2020,ridge_regressor,positive,corrected,0.0,0.9770133796100384,0.08902845880402976,0.7578208781931862,0.12259363986560853,-0.1966809062357444,1.0661331222642703,1.1440569450667393,1.0,0.19979943851152834,0.16735969620516333,1.0863154542739573,0.14213180043236595,1.1448326618130467,-0.13988621909940407,,"{""alpha"": 0.1208760785718262, ""max_iter"": 8385, ""tol"": 0.0003644256277757866, ""solver"": ""auto""}",0.0
usa,2012-2020,ridge_regressor,positive,as_published,0.0,2.006497361004221,0.14767525836666406,1.1834692535145934,0.12291812192179719,-0.1669356604330241,1.6909351476444008,1.2341086958832532,1.0,0.2378698162357912,0.16735969620516333,1.0863154542739573,0.14213180043236595,1.1448326618130467,-0.13988621909940407,,"{""alpha"": 0.1208760785718262, ""max_iter"": 8385, ""tol"": 0.0003644256277757866, ""solver"": ""auto""}",0.0
usa,2012-2020,xgboost_regressor,top10,corrected,0.0,0.78417542614581,0.075132514236679,0.9025045479839885,0.084293646393603,-0.15109988548385067,1.3121179599124628,1.1648074530897723,2.0,0.07084104710035101,0.16735969620516333,1.0863154542739573,0.14213180043236595,1.1448326618130467,-0.036451547051880896,,"{""max_depth"": 3, ""learning_rate"": 0.27051614022957227, ""n_estimators"": 396, ""subsample"": 0.7505279987332716, ""colsample_bytree"": 0.6368493222411451, ""reg_alpha"": 0.9228043935097132, ""reg_lambda"": 0.8854827110304196, ""gamma"": 0.44796198537727955, ""scale_pos_weight"": 6.732047847280446}",0.0
usa,2012-2020,xgboost_regressor,top10,as_published,0.0,7.530580376371301,0.30765122197022476,1.1822256172414805,0.2547402326676662,-0.3220550513202628,1.69477282895375,1.230021447058285,2.0,0.08671854744073801,0.16735969620516333,1.0863154542739573,0.14213180043236595,1.1448326618130467,-0.036451547051880896,,"{""max_depth"": 3, ""learning_rate"": 0.27051614022957227, ""n_estimators"": 396, ""subsample"": 0.7505279987332716, ""colsample_bytree"": 0.6368493222411451, ""reg_alpha"": 0.9228043935097132, ""reg_lambda"": 0.8854827110304196, ""gamma"": 0.44796198537727955, ""scale_pos_weight"": 6.732047847280446}",0.0
usa,2012-2020,xgboost_regressor,top20,corrected,0.0,0.23470836049596544,0.026732505780547422,0.4593131169603731,0.06162711991460245,-0.12107865405853768,0.6600310984986323,1.079810505134065,2.0,0.06900128372926127,0.16735969620516333,1.0863154542739573,0.14213180043236595,1.1448326618130467,-0.036451547051880896,,"{""max_depth"": 3, ""learning_rate"": 0.27051614022957227, ""n_estimators"": 396, ""subsample"": 0.7505279987332716, ""colsample_bytree"": 0.6368493222411451, ""reg_alpha"": 0.9228043935097132, ""reg_lambda"": 0.8854827110304196, ""gamma"": 0.44796198537727955, ""scale_pos_weight"": 6.732047847280446}",0.0
usa,2012-2020,xgboost_regressor,top20,as_published,0.0,7.5378596582435655,0.30779079321686664,1.2142642779826505,0.2463790875951075,-0.31254410456851245,1.7389774147065413,1.2402324780810519,2.0,0.08502737062553477,0.16735969620516333,1.0863154542739573,0.14213180043236595,1.1448326618130467,-0.036451547051880896,,"{""max_depth"": 3, ""learning_rate"": 0.27051614022957227, ""n_estimators"": 396, ""subsample"": 0.7505279987332716, ""colsample_bytree"": 0.6368493222411451, ""reg_alpha"": 0.9228043935097132, ""reg_lambda"": 0.8854827110304196, ""gamma"": 0.44796198537727955, ""scale_pos_weight"": 6.732047847280446}",0.0
usa,2012-2020,xgboost_regressor,positive,corrected,0.0,1.5186413505058454,0.12252837667450334,1.006077934297746,0.12248745198984985,-0.1674972855431568,1.4182005726798852,1.195684555781215,1.0,0.2620237740938775,0.16735969620516333,1.0863154542739573,0.14213180043236595,1.1448326618130467,-0.036451547051880896,,"{""max_depth"": 3, ""learning_rate"": 0.27051614022957227, ""n_estimators"": 396, ""subsample"": 0.7505279987332716, ""colsample_bytree"": 0.6368493222411451, ""reg_alpha"": 0.9228043935097132, ""reg_lambda"": 0.8854827110304196, ""gamma"": 0.44796198537727955, ""scale_pos_weight"": 6.732047847280446}",0.0
usa,2012-2020,xgboost_regressor,positive,as_published,0.0,2.006497361004221,0.14767525836666406,1.1834692535145934,0.12291812192179719,-0.1669356604330241,1.6909351476444008,1.2341086958832532,1.0,0.2704490491654603,0.16735969620516333,1.0863154542739573,0.14213180043236595,1.1448326618130467,-0.036451547051880896,,"{""max_depth"": 3, ""learning_rate"": 0.27051614022957227, ""n_estimators"": 396, ""subsample"": 0.7505279987332716, ""colsample_bytree"": 0.6368493222411451, ""reg_alpha"": 0.9228043935097132, ""reg_lambda"": 0.8854827110304196, ""gamma"": 0.44796198537727955, ""scale_pos_weight"": 6.732047847280446}",0.0
usa,2012-2020,ada_boost_regressor,top10,corrected,0.0,-0.20019753672336982,-0.02756545485257411,-0.2748996078740858,0.08776464134577627,-0.35963878038548314,-0.3813670929659998,0.9551808299569212,2.0,2.9923087251082854,0.16735969620516333,1.0863154542739573,0.14213180043236595,1.1448326618130467,-0.16278207473562628,,"{""n_estimators"": 354, ""learning_rate"": 0.8439190132440547, ""loss"": ""square""}",0.0
usa,2012-2020,ada_boost_regressor,top10,as_published,0.0,11.02235424286002,0.3650150346984631,1.3266645128178822,0.2605477438727313,-0.33744338656406037,1.9289004367819866,1.2636520466286718,2.0,2.9511060616657074,0.16735969620516333,1.0863154542739573,0.14213180043236595,1.1448326618130467,-0.16278207473562628,,"{""n_estimators"": 354, ""learning_rate"": 0.8439190132440547, ""loss"": ""square""}",0.0
usa,2012-2020,ada_boost_regressor,top20,corrected,0.0,-0.06127336019487728,-0.007880775834531728,-0.09903182580467496,0.06112126951956404,-0.27518977446931525,-0.14096001936089572,0.9839137212900526,2.0,2.172890597577631,0.16735969620516333,1.0863154542739573,0.14213180043236595,1.1448326618130467,-0.16278207473562628,,"{""n_estimators"": 354, ""learning_rate"": 0.8439190132440547, ""loss"": ""square""}",0.0
usa,2012-2020,ada_boost_regressor,top20,as_published,0.0,7.498450852404693,0.3070339303424374,1.2032888895671385,0.24860685159742643,-0.335002638797099,1.7215180262812737,1.2379713096558884,2.0,2.187415298335336,0.16735969620516333,1.0863154542739573,0.14213180043236595,1.1448326618130467,-0.16278207473562628,,"{""n_estimators"": 354, ""learning_rate"": 0.8439190132440547, ""loss"": ""square""}",0.0
usa,2012-2020,ada_boost_regressor,positive,corrected,0.0,0.32936858685325765,0.036266744308570464,0.370528784732841,0.11378515453241243,-0.27113591624418965,0.5046474021721603,1.0737188186787663,1.9999999999999993,1.3508727109649499,0.16735969620516333,1.0863154542739573,0.14213180043236595,1.1448326618130467,-0.16278207473562628,,"{""n_estimators"": 354, ""learning_rate"": 0.8439190132440547, ""loss"": ""square""}",0.0
usa,2012-2020,ada_boost_regressor,positive,as_published,0.0,5.8605536878330335,0.2724840338422869,1.3023348544153575,0.2007573338828867,-0.2270024377723444,1.9381357801156425,1.268753223093321,1.9999999999999996,1.25633747964724,0.16735969620516333,1.0863154542739573,0.14213180043236595,1.1448326618130467,-0.16278207473562628,,"{""n_estimators"": 354, ""learning_rate"": 0.8439190132440547, ""loss"": ""square""}",0.0
usa,2012-2020,extra_trees_regressor,top10,corrected,0.0,-0.06540527649137362,-0.008428258115049658,-0.04659979732239289,0.09165550683016414,-0.21141325100985597,-0.06481610974377142,0.9921114600065857,2.0,2.62049467358449,0.16735969620516333,1.0863154542739573,0.14213180043236595,1.1448326618130467,-0.05271706793449663,,"{""n_estimators"": 149, ""max_depth"": 20, ""min_samples_split"": 9, ""min_samples_leaf"": 4, ""max_features"": 0.2912880677993543, ""ccp_alpha"": 3.617235191239604e-05, ""bootstrap"": true}",0.0
usa,2012-2020,extra_trees_regressor,top10,as_published,0.0,8.630142056412458,0.3276403791343745,1.2261114934334603,0.25889206226228584,-0.28597373554979755,1.7646214765116417,1.23860519677125,2.0,2.6495176502868505,0.16735969620516333,1.0863154542739573,0.14213180043236595,1.1448326618130467,-0.05271706793449663,,"{""n_estimators"": 149, ""max_depth"": 20, ""min_samples_split"": 9, ""min_samples_leaf"": 4, ""max_features"": 0.2912880677993543, ""ccp_alpha"": 3.617235191239604e-05, ""bootstrap"": true}",0.0
usa,2012-2020,extra_trees_regressor,top20,corrected,0.0,0.1460352123522075,0.017202339359291274,0.29839733668635454,0.06409996686028964,-0.09614875915464216,0.4186796845993716,1.0512894142255413,2.0,1.9536019318975362,0.16735969620516333,1.0863154542739573,0.14213180043236595,1.1448326618130467,-0.05271706793449663,,"{""n_estimators"": 149, ""max_depth"": 20, ""min_samples_split"": 9, ""min_samples_leaf"": 4, ""max_features"": 0.2912880677993543, ""ccp_alpha"": 3.617235191239604e-05, ""bootstrap"": true}",0.0
usa,2012-2020,extra_trees_regressor,top20,as_published,0.0,7.223092792711578,0.30165818080360274,1.1935211328725326,0.24680638924951273,-0.29644928319196096,1.7083738528383028,1.2361099381976868,2.0,1.9755060935930266,0.16735969620516333,1.0863154542739573,0.14213180043236595,1.1448326618130467,-0.05271706793449663,,"{""n_estimators"": 149, ""max_depth"": 20, ""min_samples_split"": 9, ""min_samples_leaf"": 4, ""max_features"": 0.2912880677993543, ""ccp_alpha"": 3.617235191239604e-05, ""bootstrap"": true}",0.0
usa,2012-2020,extra_trees_regressor,positive,corrected,0.0,1.212499726015237,0.1044719988383418,0.873140991503964,0.12254799725338067,-0.24559297422504167,1.2202808281405397,1.167750268361996,1.0,0.15854680475102767,0.16735969620516333,1.0863154542739573,0.14213180043236595,1.1448326618130467,-0.05271706793449663,,"{""n_estimators"": 149, ""max_depth"": 20, ""min_samples_split"": 9, ""min_samples_leaf"": 4, ""max_features"": 0.2912880677993543, ""ccp_alpha"": 3.617235191239604e-05, ""bootstrap"": true}",0.0
usa,2012-2020,extra_trees_regressor,positive,as_published,0.0,2.006497361004221,0.14767525836666406,1.1834692535145934,0.12291812192179719,-0.1669356604330241,1.6909351476444008,1.2341086958832532,1.0,0.17286664552498884,0.16735969620516333,1.0863154542739573,0.14213180043236595,1.1448326618130467,-0.05271706793449663,,"{""n_estimators"": 149, ""max_depth"": 20, ""min_samples_split"": 9, ""min_samples_leaf"": 4, ""max_features"": 0.2912880677993543, ""ccp_alpha"": 3.617235191239604e-05, ""bootstrap"": true}",0.0
usa,2012-2020,logistic_regression_classifier,top10,corrected,0.0,0.46431793611813554,0.04887975201812411,0.5891321032531743,0.08760787884705114,-0.17194896696792383,0.8325684524063695,1.1056989188369524,2.0,0.6545193907530532,0.16735969620516333,1.0863154542739573,0.14213180043236595,1.1448326618130467,,,"{""tol"": 0.0005081138390155167, ""C"": 41.507306312960424, ""solver"": ""saga"", ""max_iter"": 907, ""warm_start"": true, ""l1_ratio"": 0.800367066094875}",0.0
usa,2012-2020,logistic_regression_classifier,top10,as_published,0.0,8.277126946692249,0.32145071340521225,1.2226189009556203,0.2549685678439914,-0.30337886156051863,1.758627670306024,1.238446124879861,2.0,0.6601865246367077,0.16735969620516333,1.0863154542739573,0.14213180043236595,1.1448326618130467,,,"{""tol"": 0.0005081138390155167, ""C"": 41.507306312960424, ""solver"": ""saga"", ""max_iter"": 907, ""warm_start"": true, ""l1_ratio"": 0.800367066094875}",0.0
usa,2012-2020,logistic_regression_classifier,top20,corrected,0.0,0.17482118007032654,0.020364781163582313,0.34911533629092606,0.06359490310118172,-0.15259494300500942,0.496252604210084,1.0608354391382864,2.0,0.47466320876128865,0.16735969620516333,1.0863154542739573,0.14213180043236595,1.1448326618130467,,,"{""tol"": 0.0005081138390155167, ""C"": 41.507306312960424, ""solver"": ""saga"", ""max_iter"": 907, ""warm_start"": true, ""l1_ratio"": 0.800367066094875}",0.0
usa,2012-2020,logistic_regression_classifier,top20,as_published,0.0,7.733453493282402,0.3115026256425957,1.2252468418687168,0.24651413766519126,-0.31446723645157215,1.757052111076148,1.2429242558623188,2.0,0.49560500226467263,0.16735969620516333,1.0863154542739573,0.14213180043236595,1.1448326618130467,,,"{""tol"": 0.0005081138390155167, ""C"": 41.507306312960424, ""solver"": ""saga"", ""max_iter"": 907, ""warm_start"": true, ""l1_ratio"": 0.800367066094875}",0.0
usa,2012-2020,logistic_regression_classifier,positive,corrected,0.0,0.33191217515044813,0.036514638232866936,0.3750444765088763,0.11264234871429857,-0.22322900503352716,0.5310051159615233,1.0698010475981352,1.0000000000000002,1.1905069967213948,0.16735969620516333,1.0863154542739573,0.14213180043236595,1.1448326618130467,,,"{""tol"": 0.0005081138390155167, ""C"": 41.507306312960424, ""solver"": ""saga"", ""max_iter"": 907, ""warm_start"": true, ""l1_ratio"": 0.800367066094875}",0.0
usa,2012-2020,logistic_regression_classifier,positive,as_published,0.0,4.305205623977187,0.232199077127329,1.2507955549227385,0.18015747670280996,-0.1816066043960053,1.8302184909310408,1.2625011058640747,1.0000000000000002,1.2922638186564999,0.16735969620516333,1.0863154542739573,0.14213180043236595,1.1448326618130467,,,"{""tol"": 0.0005081138390155167, ""C"": 41.507306312960424, ""solver"": ""saga"", ""max_iter"": 907, ""warm_start"": true, ""l1_ratio"": 0.800367066094875}",0.0
usa,2012-2020,xgboost_classifier,top10,corrected,0.0,0.7578786903241157,0.07313679538639617,0.8963640107314205,0.0826400081760727,-0.1229012985636242,1.3173689670719049,1.1598721182775127,2.0,1.9534095355493688,0.16735969620516333,1.0863154542739573,0.14213180043236595,1.1448326618130467,,,"{""max_depth"": 10, ""learning_rate"": 0.2974625129277513, ""n_estimators"": 442, ""subsample"": 0.814832792686456, ""colsample_bytree"": 0.9309829234164797, ""reg_alpha"": 0.8475692585572091, ""reg_lambda"": 0.770133416086951, ""gamma"": 0.4008893888286285, ""scale_pos_weight"": 2.235447150751714}",0.0
usa,2012-2020,xgboost_classifier,top10,as_published,0.0,7.189383994759742,0.3009893115664324,1.1525628572187612,0.2574674525214717,-0.35794484906626356,1.650255156983055,1.227046880173023,2.0,1.975179166499874,0.16735969620516333,1.0863154542739573,0.14213180043236595,1.1448326618130467,,,"{""max_depth"": 10, ""learning_rate"": 0.2974625129277513, ""n_estimators"": 442, ""subsample"": 0.814832792686456, ""colsample_bytree"": 0.9309829234164797, ""reg_alpha"": 0.8475692585572091, ""reg_lambda"": 0.770133416086951, ""gamma"": 0.4008893888286285, ""scale_pos_weight"": 2.235447150751714}",0.0
usa,2012-2020,xgboost_classifier,top20,corrected,0.0,0.16022435796645862,0.018769744989899362,0.33837745729247737,0.06039852148009407,-0.0960953399336304,0.48260048199509925,1.057511884225319,2.0,1.522833431654451,0.16735969620516333,1.0863154542739573,0.14213180043236595,1.1448326618130467,,,"{""max_depth"": 10, ""learning_rate"": 0.2974625129277513, ""n_estimators"": 442, ""subsample"": 0.814832792686456, ""colsample_bytree"": 0.9309829234164797, ""reg_alpha"": 0.8475692585572091, ""reg_lambda"": 0.770133416086951, ""gamma"": 0.4008893888286285, ""scale_pos_weight"": 2.235447150751714}",0.0
usa,2012-2020,xgboost_classifier,top20,as_published,0.0,6.530207263182836,0.2874000108535033,1.1425453811569124,0.24854130122906395,-0.3388119234917475,1.6269052811940372,1.2254100577974931,2.0,1.5229509011179079,0.16735969620516333,1.0863154542739573,0.14213180043236595,1.1448326618130467,,,"{""max_depth"": 10, ""learning_rate"": 0.2974625129277513, ""n_estimators"": 442, ""subsample"": 0.814832792686456, ""colsample_bytree"": 0.9309829234164797, ""reg_alpha"": 0.8475692585572091, ""reg_lambda"": 0.770133416086951, ""gamma"": 0.4008893888286285, ""scale_pos_weight"": 2.235447150751714}",0.0
usa,2012-2020,xgboost_classifier,positive,corrected,0.0,0.047468826374308604,0.005819904705949952,0.11073382905431914,0.08561693469912726,-0.224427202626453,0.1524401349206554,1.020507335397797,2.0,2.3021088979729614,0.16735969620516333,1.0863154542739573,0.14213180043236595,1.1448326618130467,,,"{""max_depth"": 10, ""learning_rate"": 0.2974625129277513, ""n_estimators"": 442, ""subsample"": 0.814832792686456, ""colsample_bytree"": 0.9309829234164797, ""reg_alpha"": 0.8475692585572091, ""reg_lambda"": 0.770133416086951, ""gamma"": 0.4008893888286285, ""scale_pos_weight"": 2.235447150751714}",0.0
usa,2012-2020,xgboost_classifier,positive,as_published,0.0,5.566483542296518,0.2655275650437803,1.0670982268064781,0.25047639520983084,-0.37326949885737726,1.5228597285269758,1.210176956267099,2.0,2.3081577341331325,0.16735969620516333,1.0863154542739573,0.14213180043236595,1.1448326618130467,,,"{""max_depth"": 10, ""learning_rate"": 0.2974625129277513, ""n_estimators"": 442, ""subsample"": 0.814832792686456, ""colsample_bytree"": 0.9309829234164797, ""reg_alpha"": 0.8475692585572091, ""reg_lambda"": 0.770133416086951, ""gamma"": 0.4008893888286285, ""scale_pos_weight"": 2.235447150751714}",0.0
usa,2012-2020,hist_gradient_boosting_classifier,top10,corrected,0.0,0.6772793619137389,0.06685287070380608,0.7941250366562054,0.08626281785436832,-0.23040674058647248,1.1443847459802432,1.1439213769060792,2.0,0.6008965908246365,0.16735969620516333,1.0863154542739573,0.14213180043236595,1.1448326618130467,,,"{""learning_rate"": 0.01136198415631705, ""max_iter"": 272, ""max_leaf_nodes"": 68, ""max_features"": 0.7884634984781007, ""min_samples_leaf"": 48, ""l2_regularization"": 0.07765339239329473, ""warm_start"": true}",0.0
usa,2012-2020,hist_gradient_boosting_classifier,top10,as_published,0.0,6.924646448371481,0.295650830307862,1.157830701300695,0.2514024156822754,-0.3044808685738365,1.658084778129931,1.2252115770473393,2.0,0.6372921844911937,0.16735969620516333,1.0863154542739573,0.14213180043236595,1.1448326618130467,,,"{""learning_rate"": 0.01136198415631705, ""max_iter"": 272, ""max_leaf_nodes"": 68, ""max_features"": 0.7884634984781007, ""min_samples_leaf"": 48, ""l2_regularization"": 0.07765339239329473, ""warm_start"": true}",0.0
usa,2012-2020,hist_gradient_boosting_classifier,top20,corrected,0.0,0.31613214088663777,0.03497000419497742,0.5944092027476323,0.061014771043555405,-0.10505032477318244,0.8685857365626111,1.10424103751006,2.0,0.4400389195483547,0.16735969620516333,1.0863154542739573,0.14213180043236595,1.1448326618130467,,,"{""learning_rate"": 0.01136198415631705, ""max_iter"": 272, ""max_leaf_nodes"": 68, ""max_features"": 0.7884634984781007, ""min_samples_leaf"": 48, ""l2_regularization"": 0.07765339239329473, ""warm_start"": true}",0.0
usa,2012-2020,hist_gradient_boosting_classifier,top20,as_published,0.0,7.740498909194098,0.31163496612444397,1.226152129495787,0.24638959746612776,-0.29719662277875947,1.7599778266402382,1.2427716577654693,2.0,0.4989763272930567,0.16735969620516333,1.0863154542739573,0.14213180043236595,1.1448326618130467,,,"{""learning_rate"": 0.01136198415631705, ""max_iter"": 272, ""max_leaf_nodes"": 68, ""max_features"": 0.7884634984781007, ""min_samples_leaf"": 48, ""l2_regularization"": 0.07765339239329473, ""warm_start"": true}",0.0
usa,2012-2020,hist_gradient_boosting_classifier,positive,corrected,0.0,0.7184462581867672,0.07009467258013524,0.6711666381047745,0.11008747597130134,-0.21123171265647445,0.944258686526229,1.125987541458321,1.0000000000000002,0.9813956818634894,0.16735969620516333,1.0863154542739573,0.14213180043236595,1.1448326618130467,,,"{""learning_rate"": 0.01136198415631705, ""max_iter"": 272, ""max_leaf_nodes"": 68, ""max_features"": 0.7884634984781007, ""min_samples_leaf"": 48, ""l2_regularization"": 0.07765339239329473, ""warm_start"": true}",0.0
usa,2012-2020,hist_gradient_boosting_classifier,positive,as_published,0.0,2.093188436310414,0.15176479339713245,0.8359191093608743,0.19109724434395337,-0.24595944239263345,1.1908963657802631,1.1760018086984703,1.0000000000000002,1.037940898102609,0.16735969620516333,1.0863154542739573,0.14213180043236595,1.1448326618130467,,,"{""learning_rate"": 0.01136198415631705, ""max_iter"": 272, ""max_leaf_nodes"": 68, ""max_features"": 0.7884634984781007, ""min_samples_leaf"": 48, ""l2_regularization"": 0.07765339239329473, ""warm_start"": true}",0.0
usa,2012-2020,extra_trees_classifier,top10,corrected,0.0,0.78417542614581,0.075132514236679,0.9025045479839885,0.084293646393603,-0.15109988548385067,1.3121179599124628,1.1648074530897723,2.0,0.07084104710035101,0.16735969620516333,1.0863154542739573,0.14213180043236595,1.1448326618130467,,,"{""n_estimators"": 224, ""criterion"": ""gini"", ""max_depth"": 13, ""min_samples_split"": 8, ""min_samples_leaf"": 3, ""max_features"": ""sqrt"", ""ccp_alpha"": 0.24046595074218047, ""bootstrap"": true}",0.0
usa,2012-2020,extra_trees_classifier,top10,as_published,0.0,7.530580376371301,0.30765122197022476,1.1822256172414805,0.2547402326676662,-0.3220550513202628,1.69477282895375,1.230021447058285,2.0,0.08671854744073801,0.16735969620516333,1.0863154542739573,0.14213180043236595,1.1448326618130467,,,"{""n_estimators"": 224, ""criterion"": ""gini"", ""max_depth"": 13, ""min_samples_split"": 8, ""min_samples_leaf"": 3, ""max_features"": ""sqrt"", ""ccp_alpha"": 0.24046595074218047, ""bootstrap"": true}",0.0
usa,2012-2020,extra_trees_classifier,top20,corrected,0.0,0.23470836049596544,0.026732505780547422,0.4593131169603731,0.06162711991460245,-0.12107865405853768,0.6600310984986323,1.079810505134065,2.0,0.06900128372926127,0.16735969620516333,1.0863154542739573,0.14213180043236595,1.1448326618130467,,,"{""n_estimators"": 224, ""criterion"": ""gini"", ""max_depth"": 13, ""min_samples_split"": 8, ""min_samples_leaf"": 3, ""max_features"": ""sqrt"", ""ccp_alpha"": 0.24046595074218047, ""bootstrap"": true}",0.0
usa,2012-2020,extra_trees_classifier,top20,as_published,0.0,7.5378596582435655,0.30779079321686664,1.2142642779826505,0.2463790875951075,-0.31254410456851245,1.7389774147065413,1.2402324780810519,2.0,0.08502737062553477,0.16735969620516333,1.0863154542739573,0.14213180043236595,1.1448326618130467,,,"{""n_estimators"": 224, ""criterion"": ""gini"", ""max_depth"": 13, ""min_samples_split"": 8, ""min_samples_leaf"": 3, ""max_features"": ""sqrt"", ""ccp_alpha"": 0.24046595074218047, ""bootstrap"": true}",0.0
usa,2012-2020,extra_trees_classifier,positive,corrected,0.0,1.9571953791392072,0.14530325679694278,1.1710291945284999,0.1224005742750356,-0.16749728554315713,1.6709165081560933,1.231298151943336,1.0,0.034363262373945595,0.16735969620516333,1.0863154542739573,0.14213180043236595,1.1448326618130467,,,"{""n_estimators"": 224, ""criterion"": ""gini"", ""max_depth"": 13, ""min_samples_split"": 8, ""min_samples_leaf"": 3, ""max_features"": ""sqrt"", ""ccp_alpha"": 0.24046595074218047, ""bootstrap"": true}",0.0
usa,2012-2020,extra_trees_classifier,positive,as_published,0.0,2.006497361004221,0.14767525836666406,1.1834692535145934,0.12291812192179719,-0.1669356604330241,1.6909351476444008,1.2341086958832532,1.0,0.04227638531837142,0.16735969620516333,1.0863154542739573,0.14213180043236595,1.1448326618130467,,,"{""n_estimators"": 224, ""criterion"": ""gini"", ""max_depth"": 13, ""min_samples_split"": 8, ""min_samples_leaf"": 3, ""max_features"": ""sqrt"", ""ccp_alpha"": 0.24046595074218047, ""bootstrap"": true}",0.0
usa,2020-2024,ridge_regressor,top10,corrected,0.0,0.21497014374718604,0.050024523903120066,0.3584005396489714,0.18272993281027303,-0.32668340035983645,0.5046983233748001,1.0652346502632402,2.0,2.6178759407239762,0.1377026278405198,0.6130365488164907,0.09974035320835695,0.5590926306980087,-0.9268355025307801,,"{""alpha"": 0.6779421604779466, ""max_iter"": 8581, ""tol"": 9.236303844911439e-05, ""solver"": ""auto""}",0.0
usa,2020-2024,ridge_regressor,top10,as_published,0.0,0.6897386217276706,0.140541900503518,0.5214854720894191,0.43839997136321557,-0.5544805592876245,0.7409634831084707,1.1070835289137217,2.0,2.822881848083172,0.1377026278405198,0.6130365488164907,0.09974035320835695,0.5590926306980087,-0.9268355025307801,,"{""alpha"": 0.6779421604779466, ""max_iter"": 8581, ""tol"": 9.236303844911439e-05, ""solver"": ""auto""}",0.0
usa,2020-2024,ridge_regressor,top20,corrected,0.0,0.210438880568659,0.04904143786004589,0.4713423030815842,0.11570573505439223,-0.2551193929424215,0.6661574913162372,1.0825119679241857,2.0,1.978325744729787,0.1377026278405198,0.6130365488164907,0.09974035320835695,0.5590926306980087,-0.9268355025307801,,"{""alpha"": 0.6779421604779466, ""max_iter"": 8581, ""tol"": 9.236303844911439e-05, ""solver"": ""auto""}",0.0
usa,2020-2024,ridge_regressor,top20,as_published,0.0,0.8981288285129201,0.1742821190157231,0.5913752931437244,0.42755304728394916,-0.5653182261225733,0.8412447001055938,1.1239896484259244,2.0,2.2242903602284407,0.1377026278405198,0.6130365488164907,0.09974035320835695,0.5590926306980087,-0.9268355025307801,,"{""alpha"": 0.6779421604779466, ""max_iter"": 8581, ""tol"": 9.236303844911439e-05, ""solver"": ""auto""}",0.0
usa,2020-2024,ridge_regressor,positive,corrected,0.0,0.7500294069512219,0.1506100122585965,0.7824887900979806,0.2063803210025441,-0.23839600733129485,1.1386908591917606,1.165077640727227,1.0,0.35336520119518156,0.1377026278405198,0.6130365488164907,0.09974035320835695,0.5590926306980087,-0.9268355025307801,,"{""alpha"": 0.6779421604779466, ""max_iter"": 8581, ""tol"": 9.236303844911439e-05, ""solver"": ""auto""}",0.0
usa,2020-2024,ridge_regressor,positive,as_published,0.0,0.43098517195387065,0.09399566801696602,0.5104851715702908,0.22614048609265366,-0.3160666084521744,0.716172696888628,1.1062331327952664,1.0,0.3686086235781889,0.1377026278405198,0.6130365488164907,0.09974035320835695,0.5590926306980087,-0.9268355025307801,,"{""alpha"": 0.6779421604779466, ""max_iter"": 8581, ""tol"": 9.236303844911439e-05, ""solver"": ""auto""}",0.0
usa,2020-2024,xgboost_regressor,top10,corrected,0.0,-0.09461022611007641,-0.02460781709838955,-0.09620533264554369,0.14685468936033844,-0.3568799265498219,-0.13633896251575095,0.9837905839237457,2.0,2.651539364413005,0.1377026278405198,0.6130365488164907,0.09974035320835695,0.5590926306980087,-0.2829274961959846,,"{""max_depth"": 3, ""learning_rate"": 0.276829021442431, ""n_estimators"": 493, ""subsample"": 0.8719692247104591, ""colsample_bytree"": 0.6600928738406628, ""reg_alpha"": 0.006453374219829278, ""reg_lambda"": 0.8364544286627134, ""gamma"": 0.1202684210924142, ""scale_pos_weight"": 3.7300069360137282}",0.0
usa,2020-2024,xgboost_regressor,top10,as_published,0.0,0.731129697031478,0.1474822524240187,0.537977986820913,0.42580681385089886,-0.5537860353502713,0.7608265884612965,1.111045347009584,2.0,2.7217135917781703,0.1377026278405198,0.6130365488164907,0.09974035320835695,0.5590926306980087,-0.2829274961959846,,"{""max_depth"": 3, ""learning_rate"": 0.276829021442431, ""n_estimators"": 493, ""subsample"": 0.8719692247104591, ""colsample_bytree"": 0.6600928738406628, ""reg_alpha"": 0.006453374219829278, ""reg_lambda"": 0.8364544286627134, ""gamma"": 0.1202684210924142, ""scale_pos_weight"": 3.7300069360137282}",0.0
usa,2020-2024,xgboost_regressor,top20,corrected,0.0,0.13793142583950768,0.03292202421159751,0.3601148898197162,0.10526020590718148,-0.12308504714791113,0.5123023738772653,1.0607299548449083,2.0,1.9158716155218853,0.1377026278405198,0.6130365488164907,0.09974035320835695,0.5590926306980087,-0.2829274961959846,,"{""max_depth"": 3, ""learning_rate"": 0.276829021442431, ""n_estimators"": 493, ""subsample"": 0.8719692247104591, ""colsample_bytree"": 0.6600928738406628, ""reg_alpha"": 0.006453374219829278, ""reg_lambda"": 0.8364544286627134, ""gamma"": 0.1202684210924142, ""scale_pos_weight"": 3.7300069360137282}",0.0
usa,2020-2024,xgboost_regressor,top20,as_published,0.0,0.8712154667229954,0.1700858289012357,0.5848497236563331,0.4227852828528893,-0.5548370044459402,0.8289296639714434,1.1224693711016396,2.0,1.9167283279604466,0.1377026278405198,0.6130365488164907,0.09974035320835695,0.5590926306980087,-0.2829274961959846,,"{""max_depth"": 3, ""learning_rate"": 0.276829021442431, ""n_estimators"": 493, ""subsample"": 0.8719692247104591, ""colsample_bytree"": 0.6600928738406628, ""reg_alpha"": 0.006453374219829278, ""reg_lambda"": 0.8364544286627134, ""gamma"": 0.1202684210924142, ""scale_pos_weight"": 3.7300069360137282}",0.0
usa,2020-2024,xgboost_regressor,positive,corrected,0.0,0.19182647887541893,0.044974194352469965,0.3811175086247922,0.14181139841346294,-0.1607904179718196,0.5172248444153019,1.067997938688979,1.0000000000000002,1.3611152166846325,0.1377026278405198,0.6130365488164907,0.09974035320835695,0.5590926306980087,-0.2829274961959846,,"{""max_depth"": 3, ""learning_rate"": 0.276829021442431, ""n_estimators"": 493, ""subsample"": 0.8719692247104591, ""colsample_bytree"": 0.6600928738406628, ""reg_alpha"": 0.006453374219829278, ""reg_lambda"": 0.8364544286627134, ""gamma"": 0.1202684210924142, ""scale_pos_weight"": 3.7300069360137282}",0.0
usa,2020-2024,xgboost_regressor,positive,as_published,0.0,0.5891474720302661,0.12312764632299711,0.5381414570537074,0.29796077619530237,-0.3274934900408668,0.7826117073070947,1.1092809398020222,1.0000000000000002,1.3968552849828857,0.1377026278405198,0.6130365488164907,0.09974035320835695,0.5590926306980087,-0.2829274961959846,,"{""max_depth"": 3, ""learning_rate"": 0.276829021442431, ""n_estimators"": 493, ""subsample"": 0.8719692247104591, ""colsample_bytree"": 0.6600928738406628, ""reg_alpha"": 0.006453374219829278, ""reg_lambda"": 0.8364544286627134, ""gamma"": 0.1202684210924142, ""scale_pos_weight"": 3.7300069360137282}",0.0
usa,2020-2024,ada_boost_regressor,top10,corrected,0.0,0.03412795240537059,0.008448146859178607,0.12961541961056455,0.12885204054925306,-0.1810103251312709,0.18325609055595823,1.0216921673035002,2.0,3.140678716851914,0.1377026278405198,0.6130365488164907,0.09974035320835695,0.5590926306980087,-1.2146791273834985,,"{""n_estimators"": 433, ""learning_rate"": 0.7272107716120289, ""loss"": ""square""}",0.0
usa,2020-2024,ada_boost_regressor,top10,as_published,0.0,0.694737527713061,0.1413868223798087,0.5217525199400143,0.44763745968915386,-0.5578049926327795,0.7394283679754079,1.1079437824721443,2.0,3.078915084612651,0.1377026278405198,0.6130365488164907,0.09974035320835695,0.5590926306980087,-1.2146791273834985,,"{""n_estimators"": 433, ""learning_rate"": 0.7272107716120289, ""loss"": ""square""}",0.0
usa,2020-2024,ada_boost_regressor,top20,corrected,0.0,-0.005169689189553628,-0.0012984881773475676,0.03613787861134716,0.09862868536420534,-0.12566314241094867,0.05044634885209374,1.0059468896770936,2.0,2.3601211463196963,0.1377026278405198,0.6130365488164907,0.09974035320835695,0.5590926306980087,-1.2146791273834985,,"{""n_estimators"": 433, ""learning_rate"": 0.7272107716120289, ""loss"": ""square""}",0.0
usa,2020-2024,ada_boost_regressor,top20,as_published,0.0,0.7561894322011822,0.15162397973955422,0.5467595026978749,0.426378398628496,-0.5610661906658423,0.7714096212259205,1.1145719073437934,2.0,2.4110436533441257,0.1377026278405198,0.6130365488164907,0.09974035320835695,0.5590926306980087,-1.2146791273834985,,"{""n_estimators"": 433, ""learning_rate"": 0.7272107716120289, ""loss"": ""square""}",0.0
usa,2020-2024,ada_boost_regressor,positive,corrected,0.0,0.05918796447908026,0.014519500844598188,0.1723616764053021,0.1995780528724999,-0.3081171645630526,0.2372578380073813,1.035355783936933,1.0,0.49813344008817995,0.1377026278405198,0.6130365488164907,0.09974035320835695,0.5590926306980087,-1.2146791273834985,,"{""n_estimators"": 433, ""learning_rate"": 0.7272107716120289, ""loss"": ""square""}",0.0
usa,2020-2024,ada_boost_regressor,positive,as_published,0.0,0.6637117377423334,0.13611228319823554,0.6283263730866228,0.2547371339651182,-0.3160666084521744,0.9050037982447876,1.1318262022253025,1.0,0.6167130997446819,0.1377026278405198,0.6130365488164907,0.09974035320835695,0.5590926306980087,-1.2146791273834985,,"{""n_estimators"": 433, ""learning_rate"": 0.7272107716120289, ""loss"": ""square""}",0.0
usa,2020-2024,extra_trees_regressor,top10,corrected,0.0,0.1915929346927514,0.04492285810154284,0.4167054320015069,0.1237131502869864,-0.25896701213128104,0.605248843167793,1.0746018408359734,2.0,0.9103387206090672,0.1377026278405198,0.6130365488164907,0.09974035320835695,0.5590926306980087,-0.13674430777665403,,"{""n_estimators"": 299, ""max_depth"": 8, ""min_samples_split"": 2, ""min_samples_leaf"": 5, ""max_features"": 0.22083146910930285, ""ccp_alpha"": 3.589771412664368e-05, ""bootstrap"": false}",0.0
usa,2020-2024,extra_trees_regressor,top10,as_published,0.0,0.6965144251359807,0.1416867061134397,0.524981802725374,0.42937842678496296,-0.5612548925518371,0.7437565077300032,1.1079453377326385,2.0,0.865480730931735,0.1377026278405198,0.6130365488164907,0.09974035320835695,0.5590926306980087,-0.13674430777665403,,"{""n_estimators"": 299, ""max_depth"": 8, ""min_samples_split"": 2, ""min_samples_leaf"": 5, ""max_features"": 0.22083146910930285, ""ccp_alpha"": 3.589771412664368e-05, ""bootstrap"": false}",0.0
usa,2020-2024,extra_trees_regressor,top20,corrected,0.0,0.18446089635706642,0.04335149394319027,0.5388633355381883,0.08547348786226368,-0.16879555381984124,0.7792605462996486,1.0946875042408233,2.0,0.5794138537662455,0.1377026278405198,0.6130365488164907,0.09974035320835695,0.5590926306980087,-0.13674430777665403,,"{""n_estimators"": 299, ""max_depth"": 8, ""min_samples_split"": 2, ""min_samples_leaf"": 5, ""max_features"": 0.22083146910930285, ""ccp_alpha"": 3.589771412664368e-05, ""bootstrap"": false}",0.0
usa,2020-2024,extra_trees_regressor,top20,as_published,0.0,0.7630557214660669,0.1527510654068529,0.550114488047708,0.42102225656691344,-0.5570650806417873,0.7774690001549882,1.1148711117087455,2.0,0.6467357048958665,0.1377026278405198,0.6130365488164907,0.09974035320835695,0.5590926306980087,-0.13674430777665403,,"{""n_estimators"": 299, ""max_depth"": 8, ""min_samples_split"": 2, ""min_samples_leaf"": 5, ""max_features"": 0.22083146910930285, ""ccp_alpha"": 3.589771412664368e-05, ""bootstrap"": false}",0.0
usa,2020-2024,extra_trees_regressor,positive,corrected,0.0,-0.06773333418317362,-0.017428567754945723,0.019595968610106103,0.20738058859886388,-0.387620891336237,0.026358434817481877,1.0038505082474194,1.0,0.295242475273901,0.1377026278405198,0.6130365488164907,0.09974035320835695,0.5590926306980087,-0.13674430777665403,,"{""n_estimators"": 299, ""max_depth"": 8, ""min_samples_split"": 2, ""min_samples_leaf"": 5, ""max_features"": 0.22083146910930285, ""ccp_alpha"": 3.589771412664368e-05, ""bootstrap"": false}",0.0
usa,2020-2024,extra_trees_regressor,positive,as_published,0.0,0.4670478404890994,0.10084280123328093,0.5602706370340773,0.2113636224644507,-0.3160666084521744,0.7933056098402976,1.117490798670648,1.0,0.40842335635444565,0.1377026278405198,0.6130365488164907,0.09974035320835695,0.5590926306980087,-0.13674430777665403,,"{""n_estimators"": 299, ""max_depth"": 8, ""min_samples_split"": 2, ""min_samples_leaf"": 5, ""max_features"": 0.22083146910930285, ""ccp_alpha"": 3.589771412664368e-05, ""bootstrap"": false}",0.0
usa,2020-2024,logistic_regression_classifier,top10,corrected,0.0,0.24672487868500093,0.056837920596521485,0.586635537442094,0.10326756519933455,-0.18500566911379746,0.8230722844942248,1.1037267627876048,2.0,0.36269559889913594,0.1377026278405198,0.6130365488164907,0.09974035320835695,0.5590926306980087,,,"{""tol"": 0.005929662922083935, ""C"": 85.93966218347416, ""solver"": ""saga"", ""max_iter"": 525, ""warm_start"": true, ""l1_ratio"": 0.9935094769250734}",0.0
usa,2020-2024,logistic_regression_classifier,top10,as_published,0.0,0.570152803770158,0.11974714263628483,0.47972148730637026,0.4277771069804359,-0.545969072623818,0.6795204447613125,1.097043693609276,2.0,0.42266947466724414,0.1377026278405198,0.6130365488164907,0.09974035320835695,0.5590926306980087,,,"{""tol"": 0.005929662922083935, ""C"": 85.93966218347416, ""solver"": ""saga"", ""max_iter"": 525, ""warm_start"": true, ""l1_ratio"": 0.9935094769250734}",0.0
usa,2020-2024,logistic_regression_classifier,top20,corrected,0.0,0.24757211459330186,0.057017916344081376,0.7652732973858689,0.07620371642834196,-0.14101126188172974,1.111666984281215,1.1345863988168776,2.0,0.26048793839093365,0.1377026278405198,0.6130365488164907,0.09974035320835695,0.5590926306980087,,,"{""tol"": 0.005929662922083935, ""C"": 85.93966218347416, ""solver"": ""saga"", ""max_iter"": 525, ""warm_start"": true, ""l1_ratio"": 0.9935094769250734}",0.0
usa,2020-2024,logistic_regression_classifier,top20,as_published,0.0,0.6796108260780895,0.1388243287768285,0.5213910112805041,0.42035796123604174,-0.5570650806417873,0.7363123080127021,1.1079212368377975,2.0,0.2645645468847533,0.1377026278405198,0.6130365488164907,0.09974035320835695,0.5590926306980087,,,"{""tol"": 0.005929662922083935, ""C"": 85.93966218347416, ""solver"": ""saga"", ""max_iter"": 525, ""warm_start"": true, ""l1_ratio"": 0.9935094769250734}",0.0
usa,2020-2024,logistic_regression_classifier,positive,corrected,0.0,0.6377879235355324,0.13164828633537784,0.6926134906500045,0.21035793265816097,-0.2450348684873176,1.0068929913531728,1.1504472264930061,1.0,0.9243733792831851,0.1377026278405198,0.6130365488164907,0.09974035320835695,0.5590926306980087,,,"{""tol"": 0.005929662922083935, ""C"": 85.93966218347416, ""solver"": ""saga"", ""max_iter"": 525, ""warm_start"": true, ""l1_ratio"": 0.9935094769250734}",0.0
usa,2020-2024,logistic_regression_classifier,positive,as_published,0.0,0.4599471275886742,0.099504657652987,0.48519895334321744,0.27134951224175674,-0.34651460976214954,0.6975778758955782,1.0991142662150961,1.0,1.0812114708429226,0.1377026278405198,0.6130365488164907,0.09974035320835695,0.5590926306980087,,,"{""tol"": 0.005929662922083935, ""C"": 85.93966218347416, ""solver"": ""saga"", ""max_iter"": 525, ""warm_start"": true, ""l1_ratio"": 0.9935094769250734}",0.0
usa,2020-2024,xgboost_classifier,top10,corrected,0.0,0.28342546760736886,0.0645523979330831,0.6573762406297203,0.1031925179324797,-0.17112992700204355,0.9396665122061856,1.11593235809904,2.0,2.1283647971356907,0.1377026278405198,0.6130365488164907,0.09974035320835695,0.5590926306980087,,,"{""max_depth"": 10, ""learning_rate"": 0.10355977728837673, ""n_estimators"": 146, ""subsample"": 0.5839014048134266, ""colsample_bytree"": 0.9109704983470375, ""reg_alpha"": 0.8252745008894338, ""reg_lambda"": 0.7491951753151662, ""gamma"": 0.28579629914845145, ""scale_pos_weight"": 2.4212256251331774}",0.0
usa,2020-2024,xgboost_classifier,top10,as_published,0.0,0.5929595645281436,0.1238024369980999,0.48934023901732443,0.4227104887952329,-0.5865050203172346,0.6894990217317273,1.100441453762307,2.0,2.1753680893157963,0.1377026278405198,0.6130365488164907,0.09974035320835695,0.5590926306980087,,,"{""max_depth"": 10, ""learning_rate"": 0.10355977728837673, ""n_estimators"": 146, ""subsample"": 0.5839014048134266, ""colsample_bytree"": 0.9109704983470375, ""reg_alpha"": 0.8252745008894338, ""reg_lambda"": 0.7491951753151662, ""gamma"": 0.28579629914845145, ""scale_pos_weight"": 2.4212256251331774}",0.0
usa,2020-2024,xgboost_classifier,top20,corrected,0.0,0.019676336920005477,0.004896638137408482,0.10306744928956062,0.07371365960045705,-0.16053391123801286,0.14255066569588642,1.0174914679373186,2.0,1.6801470511324126,0.1377026278405198,0.6130365488164907,0.09974035320835695,0.5590926306980087,,,"{""max_depth"": 10, ""learning_rate"": 0.10355977728837673, ""n_estimators"": 146, ""subsample"": 0.5839014048134266, ""colsample_bytree"": 0.9109704983470375, ""reg_alpha"": 0.8252745008894338, ""reg_lambda"": 0.7491951753151662, ""gamma"": 0.28579629914845145, ""scale_pos_weight"": 2.4212256251331774}",0.0
usa,2020-2024,xgboost_classifier,top20,as_published,0.0,0.7953695210761824,0.15801156968672703,0.5594081748133922,0.4275481825880195,-0.5932415343598456,0.7866137262661865,1.1185803050598262,2.0,1.728632717603546,0.1377026278405198,0.6130365488164907,0.09974035320835695,0.5590926306980087,,,"{""max_depth"": 10, ""learning_rate"": 0.10355977728837673, ""n_estimators"": 146, ""subsample"": 0.5839014048134266, ""colsample_bytree"": 0.9109704983470375, ""reg_alpha"": 0.8252745008894338, ""reg_lambda"": 0.7491951753151662, ""gamma"": 0.28579629914845145, ""scale_pos_weight"": 2.4212256251331774}",0.0
usa,2020-2024,xgboost_classifier,positive,corrected,0.0,-0.15990156926746057,-0.042738465655425495,-0.23104738008742035,0.1438934123255493,-0.3341147149641388,-0.3091580023794874,0.9549545371174889,2.0,2.499745694749344,0.1377026278405198,0.6130365488164907,0.09974035320835695,0.5590926306980087,,,"{""max_depth"": 10, ""learning_rate"": 0.10355977728837673, ""n_estimators"": 146, ""subsample"": 0.5839014048134266, ""colsample_bytree"": 0.9109704983470375, ""reg_alpha"": 0.8252745008894338, ""reg_lambda"": 0.7491951753151662, ""gamma"": 0.28579629914845145, ""scale_pos_weight"": 2.4212256251331774}",0.0
usa,2020-2024,xgboost_classifier,positive,as_published,0.0,0.39740689099349025,0.08750299405371065,0.4121508530738507,0.41042299768753876,-0.5604538905825172,0.5741061153377012,1.0863305310936022,2.0,2.5665335945039605,0.1377026278405198,0.6130365488164907,0.09974035320835695,0.5590926306980087,,,"{""max_depth"": 10, ""learning_rate"": 0.10355977728837673, ""n_estimators"": 146, ""subsample"": 0.5839014048134266, ""colsample_bytree"": 0.9109704983470375, ""reg_alpha"": 0.8252745008894338, ""reg_lambda"": 0.7491951753151662, ""gamma"": 0.28579629914845145, ""scale_pos_weight"": 2.4212256251331774}",0.0
usa,2020-2024,hist_gradient_boosting_classifier,top10,corrected,0.0,0.2608497344443581,0.05982686074365784,0.6122035907269261,0.10361391960697003,-0.1660689338937491,0.8740607175834113,1.1063446986700955,2.0,0.9722483606865592,0.1377026278405198,0.6130365488164907,0.09974035320835695,0.5590926306980087,,,"{""learning_rate"": 0.03255787621180576, ""max_iter"": 362, ""max_leaf_nodes"": 84, ""max_features"": 0.6944752870615722, ""min_samples_leaf"": 47, ""l2_regularization"": 0.8416699969127163, ""warm_start"": true}",0.0
usa,2020-2024,hist_gradient_boosting_classifier,top10,as_published,0.0,0.8375745536327448,0.16477651203716004,0.5725907986749521,0.42414591842563815,-0.5515441759105608,0.8204280330723074,1.1162541606036311,2.0,1.194369985584032,0.1377026278405198,0.6130365488164907,0.09974035320835695,0.5590926306980087,,,"{""learning_rate"": 0.03255787621180576, ""max_iter"": 362, ""max_leaf_nodes"": 84, ""max_features"": 0.6944752870615722, ""min_samples_leaf"": 47, ""l2_regularization"": 0.8416699969127163, ""warm_start"": true}",0.0
usa,2020-2024,hist_gradient_boosting_classifier,top20,corrected,0.0,0.1883269053236607,0.04420414836586262,0.588070862724178,0.07877796138918736,-0.15019581829555495,0.8379262636648351,1.1019819376936264,2.0,0.6913660954547073,0.1377026278405198,0.6130365488164907,0.09974035320835695,0.5590926306980087,,,"{""learning_rate"": 0.03255787621180576, ""max_iter"": 362, ""max_leaf_nodes"": 84, ""max_features"": 0.6944752870615722, ""min_samples_leaf"": 47, ""l2_regularization"": 0.8416699969127163, ""warm_start"": true}",0.0
usa,2020-2024,hist_gradient_boosting_classifier,top20,as_published,0.0,0.727850174288796,0.14693691391192298,0.536947220780623,0.4237130071336515,-0.5631983388177886,0.7609858743401356,1.1121677480559382,2.0,0.8555185215638617,0.1377026278405198,0.6130365488164907,0.09974035320835695,0.5590926306980087,,,"{""learning_rate"": 0.03255787621180576, ""max_iter"": 362, ""max_leaf_nodes"": 84, ""max_features"": 0.6944752870615722, ""min_samples_leaf"": 47, ""l2_regularization"": 0.8416699969127163, ""warm_start"": true}",0.0
usa,2020-2024,hist_gradient_boosting_classifier,positive,corrected,0.0,0.12497126191943142,0.02996023477333387,0.24866300665202878,0.19556961094045244,-0.31760156418024954,0.3469329689756172,1.0537085623898783,1.9999999999999998,1.8728725884891808,0.1377026278405198,0.6130365488164907,0.09974035320835695,0.5590926306980087,,,"{""learning_rate"": 0.03255787621180576, ""max_iter"": 362, ""max_leaf_nodes"": 84, ""max_features"": 0.6944752870615722, ""min_samples_leaf"": 47, ""l2_regularization"": 0.8416699969127163, ""warm_start"": true}",0.0
usa,2020-2024,hist_gradient_boosting_classifier,positive,as_published,0.0,0.344567387051091,0.07704511392390478,0.3879777411863957,0.38338581870268895,-0.5671913744278578,0.5369306106855324,1.084792050864633,1.9999999999999998,2.1123010207298756,0.1377026278405198,0.6130365488164907,0.09974035320835695,0.5590926306980087,,,"{""learning_rate"": 0.03255787621180576, ""max_iter"": 362, ""max_leaf_nodes"": 84, ""max_features"": 0.6944752870615722, ""min_samples_leaf"": 47, ""l2_regularization"": 0.8416699969127163, ""warm_start"": true}",0.0
usa,2020-2024,extra_trees_classifier,top10,corrected,0.0,0.2302923560618959,0.053328555330788285,0.5640145327663312,0.10112870431937993,-0.19643009953439272,0.7868360595401033,1.0990128287463363,2.0,0.09253261970838905,0.1377026278405198,0.6130365488164907,0.09974035320835695,0.5590926306980087,,,"{""n_estimators"": 224, ""criterion"": ""gini"", ""max_depth"": 13, ""min_samples_split"": 8, ""min_samples_leaf"": 3, ""max_features"": ""sqrt"", ""ccp_alpha"": 0.24046595074218047, ""bootstrap"": true}",0.0
usa,2020-2024,extra_trees_classifier,top10,as_published,0.0,0.7540337175422265,0.15126944310948742,0.5446934088408693,0.42738722360584264,-0.545969072623818,0.7736009521141086,1.1111411365460566,2.0,0.1111744917396306,0.1377026278405198,0.6130365488164907,0.09974035320835695,0.5590926306980087,,,"{""n_estimators"": 224, ""criterion"": ""gini"", ""max_depth"": 13, ""min_samples_split"": 8, ""min_samples_leaf"": 3, ""max_features"": ""sqrt"", ""ccp_alpha"": 0.24046595074218047, ""bootstrap"": true}",0.0
usa,2020-2024,extra_trees_classifier,top20,corrected,0.0,0.24338904740763057,0.056128329208952055,0.7617027259760335,0.07537417490474872,-0.14492054230834517,1.1029904319286457,1.1324054939730666,2.0,0.0930011097552282,0.1377026278405198,0.6130365488164907,0.09974035320835695,0.5590926306980087,,,"{""n_estimators"": 224, ""criterion"": ""gini"", ""max_depth"": 13, ""min_samples_split"": 8, ""min_samples_leaf"": 3, ""max_features"": ""sqrt"", ""ccp_alpha"": 0.24046595074218047, ""bootstrap"": true}",0.0
usa,2020-2024,extra_trees_classifier,top20,as_published,0.0,0.7244102152444805,0.14636406302443894,0.5370271511748465,0.42056779557715024,-0.5570650806417873,0.7585639847993579,1.111457207317272,2.0,0.11070931794311205,0.1377026278405198,0.6130365488164907,0.09974035320835695,0.5590926306980087,,,"{""n_estimators"": 224, ""criterion"": ""gini"", ""max_depth"": 13, ""min_samples_split"": 8, ""min_samples_leaf"": 3, ""max_features"": ""sqrt"", ""ccp_alpha"": 0.24046595074218047, ""bootstrap"": true}",0.0
usa,2020-2024,extra_trees_classifier,positive,corrected,0.0,0.43239304812371193,0.09426538952431263,0.5383272155951115,0.2072614887010617,-0.3081171645630526,0.7601420277920734,1.1113913828601636,1.0,0.0466901507074312,0.1377026278405198,0.6130365488164907,0.09974035320835695,0.5590926306980087,,,"{""n_estimators"": 224, ""criterion"": ""gini"", ""max_depth"": 13, ""min_samples_split"": 8, ""min_samples_leaf"": 3, ""max_features"": ""sqrt"", ""ccp_alpha"": 0.24046595074218047, ""bootstrap"": true}",0.0
usa,2020-2024,extra_trees_classifier,positive,as_published,0.0,0.4670478404890994,0.10084280123328093,0.5602706370340773,0.2113636224644507,-0.3160666084521744,0.7933056098402976,1.117490798670648,1.0,0.055465774225404385,0.1377026278405198,0.6130365488164907,0.09974035320835695,0.5590926306980087,,,"{""n_estimators"": 224, ""criterion"": ""gini"", ""max_depth"": 13, ""min_samples_split"": 8, ""min_samples_leaf"": 3, ""max_features"": ""sqrt"", ""ccp_alpha"": 0.24046595074218047, ""bootstrap"": true}",0.0
